Year,Month,Scheme_Name,No_of_Schemes,No_of_Folios,Funds_Mobilized,Redemption,Net_Inflow,AUM,AAUM
2023,April,Overnight Fund,32.0,659479.0,377180.35506268,371073.00994613,6107.34511655004,102344.65470503,115719.43140006
2023,April,Liquid Fund,36.0,1775399.0,312871.76670117,249652.43616751,63219.33053366,397785.67131063,426709.74782756
2023,April,Ultra Short Duration Fund,25.0,632337.0,21919.18676602,11256.58860279,10662.59816323,90295.36696773,87453.31292162
2023,April,Low Duration Fund,21.0,935894.0,11249.14395828,5785.89097874,5463.25297954,92765.18675964,89949.11289479
2023,April,Money Market Fund,22.0,422740.0,31153.72519889,17192.7684665,13960.95673239,122783.89091347,119131.92411637
2023,April,Short Duration Fund,25.0,504524.0,3348.53500627,1565.73088813,1782.80411814,94187.95032038,93213.23151128
2023,April,Medium Duration Fund,15.0,255984.0,514.1831753,508.52704498,5.65613031999999,27387.94500956,27268.21491519
2023,April,Medium to Long Duration Fund,12.0,106795.0,665.13072682,66.85999137,598.27073545,9610.2960015,9269.26534766
2023,April,Long Duration Fund,7.0,46138.0,123.72858897,54.04252681,69.68606216,9037.4809255,8905.1095634
2023,April,Dynamic Bond Fund,22.0,230966.0,595.05719768,233.0707963,361.98640138,30010.04882667,29724.84652432
2023,April,Corporate Bond Fund,21.0,613934.0,2900.40624034,2848.12641241,52.27982793,132770.8735227,132173.38838332
2023,April,Credit Risk Fund,15.0,243984.0,85.34782121,441.46304905,-356.11522784,24687.65351279,24783.33207899
2023,April,Banking and PSU Fund,23.0,295048.0,1033.03660202,1182.5524523,-149.51585028,81129.06282615,80713.59489308
2023,April,Gilt Fund,22.0,177311.0,690.49524798,255.99258739,434.50266059,22170.54366799,21906.46083866
2023,April,Gilt Fund with 10 year constant duration,5.0,42343.0,582.91201494,29.34710143,553.56491351,4380.60183406,4188.66717542
2023,April,Floater Fund,13.0,234702.0,5741.67238419,1830.91150696,3910.76087723,57358.85355795,55050.00516821
2023,April,Sub Total - I (i+ii+iii+iv+v+vi+vii+viii+ix+x+xi+xii+xiii+xiv+xv+xvi),316.0,7177578.0,770654.6826927603,663977.3185187998,106677.36417396006,1298706.08066175,1326159.6455599302
2023,April,Multi Cap Fund,19.0,4174058.0,1225.71274751,1019.43935669,206.27339082,70518.48282583,68925.9642548
2023,April,Large Cap Fund,31.0,12955752.0,2706.71817102,2654.09282824,52.6253427800002,244610.91549428,240355.41240213
2023,April,Large & Mid Cap Fund,26.0,7844968.0,2316.56217345,1577.85277309,738.70940036,133689.14622641,130685.16479796
2023,April,Mid Cap Fund,29.0,10695532.0,3677.10537454,1886.12800299,1790.97737155,192564.4612859,188004.13652728
2023,April,Small Cap Fund,24.0,11125117.0,3592.69680713,1410.2522779,2182.44452923,142211.57106441,138013.18601447
2023,April,Dividend Yield Fund,9.0,730675.0,312.604053,190.0257548,122.5782982,14471.62470313,14217.63850792
2023,April,Value Fund/Contra Fund,22.0,4714942.0,1254.75149303,963.65542797,291.09606506,94049.63298523,92198.80550832
2023,April,Focused Fund,26.0,5296509.0,1328.53166904,1459.44121794,-130.9095489,102984.97843682,100890.19937473
2023,April,Sectoral/Thematic Funds,127.0,13228388.0,4233.46891665,3619.02602707,614.44288958,178977.87566074,175198.96716434
2023,April,ELSS,42.0,15279990.0,1523.08607917,1461.92654431,61.1595348599999,157972.08524315,154787.61749019
2023,April,Flexi Cap Fund,35.0,12715541.0,3230.27228971,2679.37466258,550.89762713,252500.26260575,246916.99247778
2023,April,Sub Total - II (i+ii+iii+iv+v+vi+vii+viii+ix+x+xi),390.0,98761472.0,25401.50977425,18921.21487358,6480.294900670001,1584551.03653165,1550194.08451992
2023,April,Conservative Hybrid Fund,20.0,516833.0,215.15813255,420.1395724,-204.98143985,23351.92587774,23307.00784237
2023,April,Balanced Hybrid Fund/Aggressive Hybrid Fund,31.0,5304415.0,1491.22046358,1922.76262292,-431.54215934,158740.82146844,156742.56196985
2023,April,Dynamic Asset Allocation/Balanced Advantage Fund,29.0,4443726.0,2964.87167568,3036.02154392,-71.1498682400002,196967.2096162,195105.78183647
2023,April,Multi Asset Allocation Fund,11.0,1067029.0,752.389781,307.65936569,444.73041531,27739.868204,28705.4158275
2023,April,Arbitrage Fund,26.0,444440.0,7908.0220883,4191.79017125,3716.23191705,71105.99920901,81242.95399257
2023,April,Equity Savings Fund,22.0,359867.0,464.94821834,601.24776355,-136.29954521,16399.36771802,16759.92899896
2023,April,Sub Total - III (i+ii+iii+iv+v+vi),139.0,12136310.0,13796.61035945,10479.62103973,3316.98931972,494305.19209341,501863.65046772
2023,April,Retirement Fund,26.0,2762964.0,262.87317908,123.14556895,139.72761013,18730.74398305,18334.36641519
2023,April,Childrens Fund,10.0,2928945.0,103.04542997,49.20285754,53.84257243,14817.621113,14576.7450566
2023,April,Sub Total - IV (i+ii),36.0,5691909.0,365.91860905,172.34842649,193.57018256,33548.36509605,32911.111471790005
2023,April,Index Funds,181.0,4020423.0,2759.77160022,2612.40545753,147.36614269,171093.48737755,169690.31514811
2023,April,GOLD ETF,13.0,4712199.0,270.592276,146.0559078,124.5363682,22949.9887347,22909.3782284
2023,April,Other ETFs,160.0,12110751.0,11873.8950147,5083.44226058,6790.45275412,502160.43494222,492705.07051584
2023,April,Fund of funds investing overseas,50.0,1315347.0,211.12102864,328.259307,-117.13827836,22638.84609868,22821.32645251
2023,April,Sub Total - V (i+ii+iii+iv),404.0,22158720.0,15115.37991956,8170.162932910001,6945.216986649999,718842.75715315,708126.09034486
2023,April,Total A-Open ended Schemes,1285.0,145925989.0,825334.1013550702,701720.6657915099,123613.43556356008,4129953.43153601,4119254.58236422
2023,April,Fixed Term Plan,114.0,149489.0,0.0,973.1681389,-973.1681389,23623.11734433,24297.05089106
2023,April,Capital Protection Oriented Schemes,7.0,12654.0,0.0,0.0,0.0,646.0404739,642.7289882
2023,April,Infrastructure Debt Fund,7.0,52.0,0.0,0.0,0.0,1996.4955847,1990.9745627
2023,April,Other Debt Scheme,0.0,0.0,0.0,0.0,0.0,0.0,0.0
2023,April,Sub Total (i+ii+iii+iv),128.0,162195.0,0.0,973.1681389,-973.1681389,26265.65340293,26930.75444196
2023,April,ELSS,19.0,296030.0,0.0,25.37294026,-25.37294026,3486.2810571,3442.2744126
2023,April,Other Equity Schemes,8.0,29017.0,0.0,1179.4433592,-1179.4433592,1112.08,2085.6452352
2023,April,Sub Total (i+ii),27.0,325047.0,0.0,1204.81629946,-1204.81629946,4598.3610571,5527.919647799999
2023,April,Total B -Close ended Schemes,155.0,487242.0,0.0,2177.98443836,-2177.98443836,30864.01446003,32458.674089760003
2023,April,Total C Interval Schemes,12.0,2826.0,0.0003,0.6455,-0.6452,1004.1694,1002.1058
2023,April,Grand Total,1452.0,146416057.0,825334.1016550702,703899.2957298699,121434.80592520008,4161821.61539604,4152715.36225398
2023,August,Overnight Fund,34.0,762912.0,467846.93773187,464688.5718346,3158.36589726992,82759.9080804,104662.64977853
2023,August,Liquid Fund,36.0,1797419.0,326847.57953132,353671.25666747,-26823.67713615,450016.90109403,480164.12494715
2023,August,Ultra Short Duration Fund,24.0,645997.0,14148.26335902,18271.48898857,-4123.22562955,97045.68323901,99836.1459597
2023,August,Low Duration Fund,21.0,929069.0,11649.04635645,12156.82976729,-507.783410840002,106821.81909671,107551.81379227
2023,August,Money Market Fund,23.0,434688.0,32521.14974967,32429.65730019,91.4924494800216,150533.53074262,151951.68372342
2023,August,Short Duration Fund,24.0,494329.0,3691.13275199,4183.93381177,-492.80105978,99453.08343739,99145.34863973
2023,August,Medium Duration Fund,15.0,250419.0,244.66067807,445.1874499,-200.52677183,27354.46172371,27379.82588789
2023,August,Medium to Long Duration Fund,12.0,105893.0,92.0421969700001,243.27613842,-151.23394145,10166.20223001,10249.4748246
2023,August,Long Duration Fund,7.0,47453.0,228.1272848,47.73184063,180.39544417,9570.9489127,9440.6938547
2023,August,Dynamic Bond Fund,22.0,230149.0,786.68950403,651.69588905,134.99361498,30722.06086241,30479.188032
2023,August,Corporate Bond Fund,21.0,606872.0,4126.0820274,2370.63626924,1755.44575816,139506.40783054,137496.09432545
2023,August,Credit Risk Fund,14.0,230733.0,91.9756437299999,362.73020477,-270.75456104,24146.2152786,24203.72858696
2023,August,Banking and PSU Fund,23.0,281393.0,663.44833148,1648.10805779,-984.65972631,80387.62037811,80471.0833641
2023,August,Gilt Fund,22.0,181526.0,643.98706651,388.96031764,255.02674887,23664.50621949,23491.66070373
2023,August,Gilt Fund with 10 year constant duration,5.0,41330.0,87.1253447099999,305.28946233,-218.16411762,4028.93267336,4236.76248129
2023,August,Floater Fund,13.0,229032.0,5077.69656975,2753.08930911,2324.60726064,63406.36880616,62516.32554511
2023,August,Sub Total - I (i+ii+iii+iv+v+vi+vii+viii+ix+x+xi+xii+xiii+xiv+xv+xvi),316.0,7269214.0,868745.94412777,894618.4433087698,-25872.499181000054,1399584.65060525,1453276.60444663
2023,August,Multi Cap Fund,21.0,4666295.0,4544.50876295,1122.37095178,3422.13781117,90065.33090909,86591.82682404
2023,August,Large Cap Fund,30.0,13004992.0,3633.49175946,3982.47047637,-348.978716910004,262299.28068054,262556.78514638
2023,August,Large & Mid Cap Fund,26.0,8192387.0,3829.52569819,1716.36699552,2113.15870267,159363.06969459,156286.86269712
2023,August,Mid Cap Fund,29.0,11625895.0,5282.68348964,2770.34424722,2512.33924242,239462.22382782,231993.42713672
2023,August,Small Cap Fund,24.0,13846150.0,6734.90009226,2470.08448205,4264.81561021,194020.16780019,185823.78034745
2023,August,Dividend Yield Fund,9.0,775683.0,586.52551175,170.23451058,416.29100117,17732.4160688,17435.8572459
2023,August,Value Fund/Contra Fund,23.0,5183298.0,2342.17298141,977.54923337,1364.62374804,112731.06086592,111174.51895229
2023,August,Focused Fund,27.0,5181471.0,1675.21038511,2146.31402766,-471.103642549999,111637.01487597,111288.87363189
2023,August,Sectoral/Thematic Funds,136.0,13926575.0,8336.76646513,3530.95628736,4805.81017777,212650.64196351,207582.76204195
2023,August,ELSS,42.0,15381023.0,1766.33847654,1793.03007701,-26.6916004699997,176213.88148012,175092.61268463
2023,August,Flexi Cap Fund,36.0,13000422.0,6090.3908149,3897.53457185,2192.85624305,283765.409749,280250.67857832
2023,August,Sub Total - II (i+ii+iii+iv+v+vi+vii+viii+ix+x+xi),403.0,104784191.0,44822.51443733999,24577.25586077,20245.25857657,1859940.49791555,1826077.9852866896
2023,August,Conservative Hybrid Fund,20.0,528375.0,743.38300205,476.15799132,267.22501073,25082.37738636,24780.65770956
2023,August,Balanced Hybrid Fund/Aggressive Hybrid Fund,30.0,5316778.0,2745.34353496,2138.01317004,607.33036492,171832.59127135,171147.83496972
2023,August,Dynamic Asset Allocation/Balanced Advantage Fund,29.0,4320241.0,6793.93531387,3177.92828604,3616.00702783,209563.07515861,208285.37873758
2023,August,Multi Asset Allocation Fund,13.0,1219116.0,2082.0700709,464.73665129,1617.33341961,35288.305532,36097.493721
2023,August,Arbitrage Fund,26.0,442592.0,16390.0632318,6907.41071193,9482.65251987,98939.38483172,110690.40265562
2023,August,Equity Savings Fund,22.0,371658.0,2104.18991261,613.05423183,1491.13568078,20516.56878667,20125.46399687
2023,August,Sub Total - III (i+ii+iii+iv+v+vi),140.0,12198760.0,30858.98506619,13777.30104245,17081.68402374,561222.3029667101,571127.2317903499
2023,August,Retirement Fund,26.0,2791050.0,313.87804441,189.48505573,124.39298868,21266.34696934,21011.58941662
2023,August,Childrens Fund,10.0,2940947.0,130.6465875,64.13594769,66.51063981,16525.247245,16388.6915444
2023,August,Sub Total - IV (i+ii),36.0,5731997.0,444.52463191,253.62100342,190.90362849,37791.59421434,37400.280961020006
2023,August,Index Funds,189.0,5113123.0,3753.18523221,1767.5092292,1985.67600301,180749.62819465,179561.68029679
2023,August,GOLD ETF,13.0,4795268.0,1050.283401,22.227498,1028.055903,24318.0938598,23701.9927506
2023,August,Other ETFs,169.0,12334415.0,10229.6340351,8336.7579206,1892.87611450001,546424.21038311,547863.92397452
2023,August,Fund of funds investing overseas,50.0,1382783.0,268.40770065,639.83403672,-371.42633607,23548.64666264,23344.74389846
2023,August,Sub Total - V (i+ii+iii+iv),421.0,23625589.0,15301.510368959998,10766.328684519998,4535.18168444001,775040.5791002,774472.3409203698
2023,August,Total A-Open ended Schemes,1316.0,153609751.0,960173.47863217,943992.9498999298,16180.528732239953,4633579.624802051,4662354.443405059
2023,August,Fixed Term Plan,87.0,112076.0,188.0076112,1703.8313756,-1515.8237644,18018.45759676,19418.58792401
2023,August,Capital Protection Oriented Schemes,0.0,0.0,0.0,43.2535,-43.2535,0.0,8.3667
2023,August,Infrastructure Debt Fund,7.0,52.0,0.0,0.0,0.0,2207.5779526,2201.1015936
2023,August,Other Debt Scheme,1.0,224580.0,115.18,301.04,-185.86,5290.15,5281.32
2023,August,Sub Total (i+ii+iii+iv),95.0,336708.0,303.1876112,2048.1248756,-1744.9372644,25516.18554936,26909.37621761
2023,August,ELSS,19.0,288784.0,0.0,27.88520792,-27.88520792,3776.63194566,3766.13597083
2023,August,Other Equity Schemes,3.0,3635.0,0.0,84.0700000000002,-84.0700000000002,316.39,350.17
2023,August,Sub Total (i+ii),22.0,292419.0,0.0,111.9552079200002,-111.9552079200002,4093.02194566,4116.30597083
2023,August,Total B -Close ended Schemes,117.0,629127.0,303.1876112,2160.08008352,-1856.8924723200005,29609.20749502,31025.68218844
2023,August,Total C Interval Schemes,12.0,2699.0,95.9605,33.6679,62.2926,291.352,267.7907
2023,August,Grand Total,1445.0,154241577.0,960572.62674337,946186.6978834498,14385.928859919954,4663480.184297071,4693647.916293499
2024,August,Overnight Fund,35.0,863086.0,446890.09776324,431784.16317668,15105.9345865599,86100.25905148,96490.48627037
2024,August,Liquid Fund,36.0,1790910.0,386495.42452411,372900.55741386,13594.8671102501,510165.37030246,535431.24005615
2024,August,Ultra Short Duration Fund,25.0,640477.0,20583.29194145,19887.66977374,695.622167710011,105811.89941525,105094.16366511
2024,August,Low Duration Fund,20.0,839083.0,10727.35257388,11117.74210807,-390.389534189999,105234.56287223,104448.93808494
2024,August,Money Market Fund,23.0,431512.0,54955.55718128,44862.29462179,10093.26255949,245845.90844679,239221.66877377
2024,August,Short Duration Fund,23.0,439164.0,6916.11513317,2556.619355,4359.49577817,110740.04131607,108433.73769116
2024,August,Medium Duration Fund,15.0,215558.0,684.90405497,627.89494965,57.0091053199997,25081.64403498,24790.45406027
2024,August,Medium to Long Duration Fund,12.0,98521.0,260.20508752,156.0188846,104.18620292,11253.66260189,11181.81207402
2024,August,Long Duration Fund,9.0,72740.0,1097.67401734,115.75886187,981.91515547,16494.03024336,15918.51204668
2024,August,Dynamic Bond Fund,22.0,217669.0,1301.94114431,724.75512478,577.18601953,33964.49361343,33345.88728988
2024,August,Corporate Bond Fund,21.0,536081.0,5152.75697147,4485.3470517,667.409919769994,156081.35399296,154944.25281674
2024,August,Credit Risk Fund,14.0,191020.0,38.12704004,428.53511455,-390.40807451,21600.32078836,21688.27702003
2024,August,Banking and PSU Fund,22.0,242657.0,782.39887293,2332.38502411,-1549.98615118,78118.6371402,79094.64711221
2024,August,Gilt Fund,21.0,196737.0,2609.86825353,707.77548312,1902.09277041,35550.96569376,34381.93173572
2024,August,Gilt Fund with 10 year constant duration,5.0,36166.0,77.70488373,39.6595504499999,38.0453332800001,4578.46469587,4535.25888134
2024,August,Floater Fund,13.0,204910.0,1206.76431268,1883.64253588,-676.878223200001,53028.89123024,53123.21817669
2024,August,Sub Total - I (i+ii+iii+iv+v+vi+vii+viii+ix+x+xi+xii+xiii+xiv+xv+xvi),316.0,7016291.0,939780.1837556498,894610.8190298502,45169.36472580001,1599650.50543933,1622124.48575508
2024,August,Multi Cap Fund,26.0,7663105.0,4833.80044977,2358.73920382,2475.06124595,173103.02433424,168069.04818026
2024,August,Large Cap Fund,32.0,14641638.0,6538.58204301,3901.72276118,2636.85928183,368401.20890124,358518.49060312
2024,August,Large & Mid Cap Fund,29.0,10316175.0,5880.74971468,2587.00676022,3293.74295446,263808.60768337,255731.08732079
2024,August,Mid Cap Fund,29.0,16702539.0,7234.63514211,4179.95078319,3054.68435892,384658.1789083,374023.05802782
2024,August,Small Cap Fund,28.0,21573827.0,6958.85458776,3749.5233521,3209.33123566,319967.57162017,310992.27067415
2024,August,Dividend Yield Fund,9.0,1027942.0,825.85434625,325.94903586,499.90531039,31516.50500421,30565.35613755
2024,August,Value Fund/Contra Fund,23.0,7265493.0,3627.45852264,1899.44697616,1728.01154648,190473.81604319,184753.44818101
2024,August,Focused Fund,28.0,5080648.0,1863.29179708,1946.81451184,-83.5227147600017,150439.510832,146679.71765802
2024,August,Sectoral/Thematic Funds,179.0,26368314.0,25381.35175445,7264.17434905,18117.1774054,444943.89527753,425155.31183513
2024,August,ELSS,42.0,16549630.0,1881.32422811,2086.57618649,-205.25195838,252388.79580172,246305.96021935
2024,August,Flexi Cap Fund,39.0,15685939.0,7516.07664227,4002.91268831,3513.16395396,429311.51328753,417844.04088002
2024,August,Sub Total - II (i+ii+iii+iv+v+vi+vii+viii+ix+x+xi),464.0,142875250.0,72541.97922813,34302.816608220004,38239.16261991,3009012.6276935,2918637.7897172207
2024,August,Conservative Hybrid Fund,19.0,547626.0,411.4864517,598.33058361,-186.84413191,28385.73963113,28238.24896268
2024,August,Balanced Hybrid Fund/Aggressive Hybrid Fund,31.0,5554971.0,2702.96724062,2381.73712289,321.230117730001,224779.13030142,220372.53655692
2024,August,Dynamic Asset Allocation/Balanced Advantage Fund,34.0,4871024.0,6714.65857234,3499.60011964,3215.0584527,285526.1863456,281246.15576476
2024,August,Multi Asset Allocation Fund,24.0,2494704.0,3823.19751389,996.30815545,2826.88935844,92675.58446941,95315.79576239
2024,August,Arbitrage Fund,27.0,541196.0,20815.87582627,18443.74181933,2372.13400693997,192708.71569093,227768.88690092
2024,August,Equity Savings Fund,22.0,439021.0,2816.18899006,1359.35689786,1456.8320922,36990.33127469,37522.66107132
2024,August,Sub Total - III (i+ii+iii+iv+v+vi),157.0,14448542.0,37284.37459488,27279.07469878,10005.299896099972,861065.6877131801,890464.2850189899
2024,August,Retirement Fund,29.0,2947052.0,312.58786359,179.83972849,132.7481351,30394.83620389,29738.91516796
2024,August,Childrens Fund,11.0,3008909.0,176.13819151,81.12985896,95.0083325499999,22390.12813326,21957.82990742
2024,August,Sub Total - IV (i+ii),40.0,5955961.0,488.7260551,260.96958745,227.75646765,52784.96433715,51696.74507538
2024,August,Index Funds,230.0,10343195.0,8241.97905437,4994.73886912,3247.24018525,263774.09819806,258479.51516037
2024,August,GOLD ETF,17.0,5660198.0,2129.5439554,518.1601212,1611.3838342,37390.03624647,36173.45359628
2024,August,Other ETFs,206.0,16272528.0,19028.05317546,8934.48389098,10093.56928448,794345.22708959,774915.62659896
2024,August,Fund of funds investing overseas,55.0,1406740.0,286.16060398,638.99170859,-352.83110461,25385.99488378,24875.17184146
2024,August,Sub Total - V (i+ii+iii+iv),508.0,33682661.0,29685.73678921,15086.37458989,14599.36219932,1120895.3564179,1094443.76719707
2024,August,Total A-Open ended Schemes,1485.0,203978705.0,1079781.00042297,971540.0545141902,108240.94590877998,6643409.14160106,6577367.072763741
2024,August,Fixed Term Plan,79.0,67817.0,0.0,0.0,0.0,15406.83199522,15361.56878979
2024,August,Capital Protection Oriented Schemes,0.0,0.0,0.0,0.0,0.0,0.0,0.0
2024,August,Infrastructure Debt Fund,4.0,30.0,0.0,0.0,0.0,1066.800766,1062.855975
2024,August,Other Debt Scheme,1.0,201642.0,17.62,64.77,-47.15,5536.6,5479.96
2024,August,Sub Total (i+ii+iii+iv),84.0,269489.0,17.62,64.77,-47.15,22010.23276122,21904.38476479
2024,August,ELSS,18.0,271093.0,0.0,26.75943318,-26.75943318,4731.22007489,4610.83440931
2024,August,Other Equity Schemes,0.0,0.0,0.0,0.0,0.0,0.0,0.0
2024,August,Sub Total (i+ii),18.0,271093.0,0.0,26.75943318,-26.75943318,4731.22007489,4610.83440931
2024,August,Total B -Close ended Schemes,102.0,540582.0,17.62,91.52943318,-73.90943318,26741.45283611,26515.2191741
2024,August,Total C Interval Schemes,12.0,2352.0,0.0021,43.6359,-43.6338,154.5449,174.9139
2024,August,Grand Total,1599.0,204521639.0,1079798.62252297,971675.2198473702,108123.40267559998,6670305.13933717,6604057.205837841
2025,August,Overnight Fund,37.0,716620.0,514292.5784988,509341.73620696,4950.84229184035,86296.88029226,113153.73656351
2025,August,Liquid Fund,39.0,2131349.0,347152.0206049,360502.07865161,-13350.0580467097,531546.83270424,572499.66345118
2025,August,Ultra Short Duration Fund,25.0,732657.0,22318.35246367,21944.82932613,373.523137540004,136833.53667692,136704.26724756
2025,August,Low Duration Fund,23.0,857058.0,17277.48068401,16800.68162725,476.799056759999,142933.64913729,145670.66536993
2025,August,Money Market Fund,25.0,516255.0,63472.65143397,61262.12355264,2210.52788133,340867.68771892,339739.89454315
2025,August,Short Duration Fund,24.0,517942.0,4807.25524375,4241.99489259,565.260351159999,136582.7493315,136154.00157457
2025,August,Medium Duration Fund,13.0,233423.0,502.3155195,390.34261727,111.97290223,25590.07204737,25600.14227157
2025,August,Medium to Long Duration Fund,13.0,104533.0,53.2879014599999,81.17459755,-27.8866960900001,11520.3320989,11601.78378949
2025,August,Long Duration Fund,11.0,94316.0,697.8757114,760.06026198,-62.1845505799997,19719.61377788,19860.45007966
2025,August,Dynamic Bond Fund,22.0,240006.0,547.09510411,941.75012217,-394.65501806,36424.15500006,36872.25271226
2025,August,Corporate Bond Fund,21.0,565827.0,4102.5744515,4927.57285506,-824.998403559996,204712.23180295,205196.620084
2025,August,Credit Risk Fund,14.0,186961.0,86.34382106,329.91117425,-243.56735319,20028.42642128,20110.69219149
2025,August,Banking and PSU Fund,22.0,240524.0,947.25648395,1747.70556384,-800.44907989,81161.20400409,81717.48502982
2025,August,Gilt Fund,23.0,229584.0,2330.75497849,3259.17590615,-928.42092766,40089.9709945,40439.25730103
2025,August,Gilt Fund with 10 year constant duration,5.0,39073.0,328.06058707,159.88854596,168.17204111,4934.72612968,4746.76382733
2025,August,Floater Fund,12.0,200291.0,1737.82386427,1942.53926939,-204.71540512,52030.54587641,52456.25413208
2025,August,Sub Total - I (i+ii+iii+iv+v+vi+vii+viii+ix+x+xi+xii+xiii+xiv+xv+xvi),329.0,7606419.0,980653.7273519096,988633.5651707998,-7979.837818889344,1871272.6140142505,1942523.9301686296
2025,August,Multi Cap Fund,32.0,10582438.0,4812.78170375,1619.72674704,3193.05495671,205141.4845769,205535.8131713
2025,August,Large Cap Fund,33.0,16539476.0,5475.39808437,2640.51660592,2834.88147845,389982.59098833,392379.0641337
2025,August,Large & Mid Cap Fund,33.0,12691674.0,5501.95244344,2176.29501869,3325.65742475,299335.04848411,301161.32598047
2025,August,Mid Cap Fund,31.0,23000768.0,8288.31468766,2957.69018654,5330.62450112,426623.48378171,428719.13545035
2025,August,Small Cap Fund,31.0,26635485.0,7619.26169882,2626.35211606,4992.90958276,350555.21389902,352644.66137703
2025,August,Dividend Yield Fund,10.0,1205305.0,301.51411219,476.20100412,-174.68689193,31985.92360784,32231.62898637
2025,August,Value Fund/Contra Fund,24.0,8612986.0,2576.5061277,1435.47494324,1141.03118446,198969.55748005,200275.62927067
2025,August,Focused Fund,28.0,5325168.0,2315.89845774,1160.71970081,1155.17875693,159952.07218752,160556.69104017
2025,August,Sectoral/Thematic Funds,226.0,31939915.0,10929.15524178,7035.99184984,3893.16339194,506571.70174574,508546.18455134
2025,August,ELSS,43.0,16859956.0,1522.40709039,1463.25314019,59.1539501999987,243981.85512636,246466.97808493
2025,August,Flexi Cap Fund,41.0,19838017.0,11664.64107634,3985.23929614,7679.4017802,495445.67712889,497155.7640994
2025,August,Sub Total - II (i+ii+iii+iv+v+vi+vii+viii+ix+x+xi),532.0,173231188.0,61007.83072417999,27577.46060859,33430.37011559,3308544.60900647,3325672.8761457293
2025,August,Conservative Hybrid Fund,18.0,570583.0,390.59679705,346.97811289,43.6186841599999,29268.17792339,29406.61505616
2025,August,Balanced Hybrid Fund/Aggressive Hybrid Fund,31.0,5964898.0,3519.38096432,1648.9854715,1870.39549282,236817.91054912,238877.01303871
2025,August,Dynamic Asset Allocation/Balanced Advantage Fund,35.0,5474637.0,4809.95660705,2493.47204157,2316.48456548,304727.49676332,306186.21109805
2025,August,Multi Asset Allocation Fund,30.0,3560534.0,4633.00189559,1105.0928588,3527.90903679,132103.61548318,139994.94141399
2025,August,Arbitrage Fund,33.0,681565.0,27877.67050011,21211.1697875,6666.50071261,258923.3482866,306405.4465182
2025,August,Equity Savings Fund,25.0,510097.0,2450.1994115,1581.41130438,868.788107119999,46236.22880863,49345.62131335
2025,August,Sub Total - III (i+ii+iii+iv+v+vi),172.0,16762314.0,43680.80617562,28387.10957664,15293.69659898,1008076.77781424,1070215.84843846
2025,August,Retirement Fund,29.0,3022062.0,274.7205739,140.24965792,134.47091598,31058.4351055,31359.24221839
2025,August,Childrens Fund,12.0,3130503.0,241.97477131,56.33644502,185.63832629,23924.5750218,24055.3184535
2025,August,Sub Total - IV (i+ii),41.0,6152565.0,516.6953452099999,196.58610294,320.10924227,54983.0101273,55414.56067189
2025,August,Index Funds,341.0,13953213.0,7684.61883498,6182.04889243,1502.56994255,304234.99076246,305471.68981967
2025,August,GOLD ETF,21.0,8033855.0,2334.2308077,144.7178775,2189.5129302,72495.59670494,69918.71608411
2025,August,Other ETFs,258.0,21252597.0,15315.89250985,8071.77936465,7244.11314519999,842201.47235244,846007.59189492
2025,August,Fund of funds investing overseas,52.0,1415559.0,789.70459216,289.10395736,500.6006348,31358.49413,30632.00988215
2025,August,Sub Total - V (i+ii+iii+iv),672.0,44655224.0,26124.44674469,14687.65009194,11436.79665274999,1250290.55394984,1252030.00768085
2025,August,Total A-Open ended Schemes,1746.0,248407710.0,1111983.5063416096,1059482.37155091,52501.13479070064,7493167.564912101,7645857.223105559
2025,August,Fixed Term Plan,74.0,60773.0,0.0,0.0,0.0,15106.0091603,15091.77577616
2025,August,Capital Protection Oriented Schemes,0.0,0.0,0.0,0.0,0.0,0.0,0.0
2025,August,Infrastructure Debt Fund,3.0,19.0,0.0,0.0,0.0,881.1804844,878.1588691
2025,August,Other Debt Scheme,1.0,184690.0,14.32,48.19,-33.87,5287.88,5358.01
2025,August,Sub Total (i+ii+iii+iv),78.0,245482.0,14.32,48.19,-33.87,21275.0696447,21327.94464526
2025,August,ELSS,15.0,255243.0,0.0,13.04429965,-13.04429965,4219.15559474,4244.9541176
2025,August,Other Equity Schemes,0.0,0.0,0.0,0.0,0.0,0.0,0.0
2025,August,Sub Total (i+ii),15.0,255243.0,0.0,13.04429965,-13.04429965,4219.15559474,4244.9541176
2025,August,Total B -Close ended Schemes,93.0,500725.0,14.32,61.23429965,-46.91429965,25494.22523944,25572.89876286
2025,August,Total C Interval Schemes,4.0,989.0,0.0,11.4379,-11.4379,40.7116,51.7732
2025,August,Grand Total,1843.0,248909424.0,1111997.8263416097,1059555.04375056,52442.78259105064,7518702.501751541,7671481.895068419
2023,December,Overnight Fund,35.0,840161.0,524151.44053127,529016.0446589,-4864.60412763013,75030.68365024,106097.09022655
2023,December,Liquid Fund,36.0,1785882.0,326186.74034957,365862.00980926,-39675.26945969,378569.77369536,433886.01874909
2023,December,Ultra Short Duration Fund,24.0,640611.0,15317.63097572,21347.37652916,-6029.74555343998,88398.81328939,91432.78168705
2023,December,Low Duration Fund,20.0,897877.0,11817.07294819,21249.0685876,-9431.99563941,96503.88826157,103224.33449687
2023,December,Money Market Fund,23.0,439156.0,30353.25749455,38736.82006855,-8383.56257399998,143663.34489506,148297.45406226
2023,December,Short Duration Fund,23.0,472416.0,12038.94725099,11443.74783107,595.199419919998,101310.53010711,99048.95571203
2023,December,Medium Duration Fund,15.0,238510.0,153.88093524,590.34997333,-436.46903809,26377.98495795,26461.75335444
2023,December,Medium to Long Duration Fund,12.0,102463.0,71.5679279300002,101.7372072,-30.1692792699998,10337.84890577,10302.85946288
2023,December,Long Duration Fund,7.0,47045.0,336.8713018,64.57736025,272.29394155,10276.3945579,10070.0574253
2023,December,Dynamic Bond Fund,22.0,221633.0,435.55980032,571.90286004,-136.343059719999,30861.32886765,30789.21523249
2023,December,Corporate Bond Fund,21.0,584740.0,6222.16650716,6033.70726148,188.459245679998,140425.99304265,139251.87952938
2023,December,Credit Risk Fund,14.0,217942.0,60.5072846,428.00932907,-367.50204447,23601.81251269,23677.03684258
2023,December,Banking and PSU Fund,23.0,266424.0,2059.80730844,2720.65023495,-660.84292651,80160.49689136,79810.8736386
2023,December,Gilt Fund,21.0,179247.0,723.60650258,1205.5392315,-481.93272892,26088.46670788,26293.87821177
2023,December,Gilt Fund with 10 year constant duration,5.0,39170.0,95.7102926,42.0977158200001,53.6125767799999,4458.20602041,4406.09262693
2023,December,Floater Fund,13.0,222744.0,1239.1249255,7410.18535818,-6171.06043268,54919.40099955,59190.08617049
2023,December,Sub Total - I (i+ii+iii+iv+v+vi+vii+viii+ix+x+xi+xii+xiii+xiv+xv+xvi),314.0,7196021.0,931263.8923364598,1006823.82401636,-75559.9316799001,1290984.9673625398,1392240.3674287098
2023,December,Multi Cap Fund,23.0,5295021.0,3463.89932094,1612.03229383,1851.86702711,111322.19144038,108011.17501373
2023,December,Large Cap Fund,30.0,13201818.0,4488.62871741,4769.57015074,-280.941433330001,296009.1649498,289338.66696561
2023,December,Large & Mid Cap Fund,27.0,8678915.0,4942.26547323,2603.40175268,2338.86372055,187756.64158759,182151.96382255
2023,December,Mid Cap Fund,29.0,12857604.0,5259.02076306,3865.96607432,1393.05468874,281353.28884213,274526.66754294
2023,December,Small Cap Fund,27.0,16919143.0,8126.33534377,4268.83300125,3857.50234252,233979.12697238,227616.23748559
2023,December,Dividend Yield Fund,9.0,815925.0,531.901365799999,252.76812237,279.13324343,21930.5761822,21157.9164909
2023,December,Value Fund/Contra Fund,23.0,5642727.0,2651.92069239,1382.77991021,1269.14078218,135522.78135766,131405.1248317
2023,December,Focused Fund,27.0,5096592.0,1847.80876348,2338.76638138,-490.957617899998,124651.73083547,122382.45636067
2023,December,Sectoral/Thematic Funds,149.0,15415537.0,11593.95681956,5588.46965947,6005.48716009,258760.80606469,249007.3755067
2023,December,ELSS,42.0,15563623.0,1944.42747509,2257.92980665,-313.502331559999,200379.05560581,195624.62836322
2023,December,Flexi Cap Fund,38.0,13505690.0,5820.79778915,4733.35228664,1087.44550251,327758.7441477,319826.97247799
2023,December,Sub Total - II (i+ii+iii+iv+v+vi+vii+viii+ix+x+xi),424.0,112992595.0,50670.96252387999,33673.86943954,16997.093084340002,2179424.10798581,2121049.1848616004
2023,December,Conservative Hybrid Fund,19.0,532127.0,384.80437818,487.86890956,-103.06453138,26171.26357721,26032.08543699
2023,December,Balanced Hybrid Fund/Aggressive Hybrid Fund,32.0,5353979.0,2523.34643287,2926.1019716,-402.755538730002,188522.35058786,185592.88380744
2023,December,Dynamic Asset Allocation/Balanced Advantage Fund,31.0,4452194.0,5445.39513221,4076.07446357,1369.32066863999,233999.67893691,229853.04541857
2023,December,Multi Asset Allocation Fund,16.0,1581885.0,3264.1205603,843.6810715,2420.4394888,52869.1208215,53531.3428607
2023,December,Arbitrage Fund,27.0,467679.0,25329.14396176,14683.98093549,10645.16302627,134220.6366287,148971.54510362
2023,December,Equity Savings Fund,22.0,387874.0,2166.57111008,1086.37630817,1080.19480191,25642.90273389,25452.16634923
2023,December,Sub Total - III (i+ii+iii+iv+v+vi),147.0,12775738.0,39113.3815754,24104.08365989,15009.297915509987,661425.95328607,669433.06897655
2023,December,Retirement Fund,27.0,2838369.0,293.51298716,174.81739501,118.69559215,24038.99860218,23510.11189597
2023,December,Childrens Fund,11.0,2963599.0,180.02923478,78.74980031,101.27943447,18388.44377294,18002.27902118
2023,December,Sub Total - IV (i+ii),38.0,5801968.0,473.54222194,253.56719532,219.97502662,42427.44237512,41512.39091715
2023,December,Index Funds,196.0,6283447.0,5867.73317893,5164.53769173,703.195487200002,199659.22894497,197035.7758088
2023,December,GOLD ETF,15.0,4911226.0,440.9789725,352.6678334,88.3111391000001,27326.4167458,26893.218051
2023,December,Other ETFs,175.0,12823860.0,11759.0898748,11558.79624326,200.29363154,623022.34520799,608925.48570334
2023,December,Fund of funds investing overseas,54.0,1517039.0,404.5242433,823.49264106,-418.96839776,24064.03192165,23705.24036614
2023,December,Sub Total - V (i+ii+iii+iv),440.0,25535572.0,18472.32626953,17899.49440945,572.8318600800021,874072.0228204101,856559.7199292801
2023,December,Total A-Open ended Schemes,1363.0,164301894.0,1039994.1049272098,1082754.83872056,-42760.7337933501,5048334.49382995,5080794.73211329
2023,December,Fixed Term Plan,91.0,83178.0,2060.0024909,0.0,2060.0024909,17855.79812688,16723.93814258
2023,December,Capital Protection Oriented Schemes,0.0,0.0,0.0,0.0,0.0,0.0,0.0
2023,December,Infrastructure Debt Fund,5.0,41.0,0.0,0.0,0.0,1600.708492,1595.437957
2023,December,Other Debt Scheme,1.0,217578.0,20.87,63.18,-42.3099999999999,5382.87,5339.62
2023,December,Sub Total (i+ii+iii+iv),97.0,300797.0,2080.8724909,63.18,2017.6924909,24839.37661888,23658.99609958
2023,December,ELSS,19.0,283222.0,0.0,31.52428484,-31.52428484,4096.17666321,4017.334133
2023,December,Other Equity Schemes,1.0,1738.0,0.0,0.0,0.0,130.4,126.91
2023,December,Sub Total (i+ii),20.0,284960.0,0.0,31.52428484,-31.52428484,4226.576663209999,4144.244133
2023,December,Total B -Close ended Schemes,117.0,585757.0,2080.8724909,94.70428484,1986.16820606,29065.95328209,27803.24023258
2023,December,Total C Interval Schemes,12.0,2621.0,100.3101,10.6942,89.6159,499.9137,473.7973
2023,December,Grand Total,1492.0,164890272.0,1042175.2875181098,1082860.2372054,-40684.94968729011,5077900.36081204,5109071.76964587
2024,December,Overnight Fund,34.0,615458.0,542250.763667339,564598.34673397,-22347.5830666302,74181.93339007,100856.78610739
2024,December,Liquid Fund,37.0,1850191.0,421700.65737433,488232.77712916,-66532.1197548299,464671.5295514,545976.51601715
2024,December,Ultra Short Duration Fund,25.0,644835.0,32230.98556355,34641.08147179,-2410.09590824001,109717.39436038,111611.40639838
2024,December,Low Duration Fund,20.0,820804.0,18741.15756396,23051.99570205,-4310.83813809,114259.77443501,118039.42860501
2024,December,Money Market Fund,23.0,429600.0,60743.54251821,86586.5048905,-25842.96237229,230310.97414304,244494.82120861
2024,December,Short Duration Fund,23.0,442755.0,12298.69392525,14879.42699906,-2580.73307381,113266.77066166,114428.43645456
2024,December,Medium Duration Fund,14.0,212130.0,1443.95811316,2020.4394825,-576.481369340001,25091.17352754,25265.03073189
2024,December,Medium to Long Duration Fund,13.0,102398.0,284.12443064,132.61288104,151.5115496,11690.22824583,11664.3915849
2024,December,Long Duration Fund,11.0,88502.0,922.45729827,242.33812016,680.11917811,20241.53355937,19980.52117648
2024,December,Dynamic Bond Fund,22.0,223158.0,750.49889428,1200.6094138,-450.110519520001,35276.88955557,35555.08183758
2024,December,Corporate Bond Fund,21.0,529188.0,11524.75326323,12345.20398092,-820.450717690001,171243.01613969,171507.17345537
2024,December,Credit Risk Fund,14.0,184077.0,45.5043837,401.13364321,-355.62925951,20746.49853007,20862.22465466
2024,December,Banking and PSU Fund,22.0,237444.0,1731.07100418,2069.84831141,-338.777307230001,78296.73934976,78244.39399367
2024,December,Gilt Fund,21.0,208995.0,2572.12935455,2228.8127598,343.316594749998,42233.73561282,42516.77699128
2024,December,Gilt Fund with 10 year constant duration,5.0,35849.0,367.90201042,646.91734689,-279.01533647,4832.06781798,5071.31844613
2024,December,Floater Fund,12.0,198785.0,1672.40243037,3155.1838261,-1482.78139573,51417.02158325,52065.29605114
2024,December,Sub Total - I (i+ii+iii+iv+v+vi+vii+viii+ix+x+xi+xii+xiii+xiv+xv+xvi),317.0,6824169.0,1109280.601795439,1236433.2326923602,-127152.63089692008,1567477.28046344,1698139.6037142004
2024,December,Multi Cap Fund,29.0,8858996.0,5704.1494335,2629.03579928,3075.11363422,180798.64346311,182230.5822465
2024,December,Large Cap Fund,32.0,15529618.0,5178.82722312,3167.84737185,2010.97985127,358671.87699694,366104.25100778
2024,December,Large & Mid Cap Fund,31.0,11329719.0,6202.24599647,2390.43585166,3811.81014481001,270774.49004254,273845.68246643
2024,December,Mid Cap Fund,29.0,19729172.0,8803.6638307,3710.43936901,5093.22446169,399784.16924957,401252.21584052
2024,December,Small Cap Fund,29.0,24035920.0,8470.13001313,3802.43247195,4667.69754118,329245.31121821,332952.23152012
2024,December,Dividend Yield Fund,10.0,1171677.0,554.227148080001,277.03732081,277.189827270001,31554.41314172,32205.64616119
2024,December,Value Fund/Contra Fund,23.0,7999203.0,3104.76416824,1590.89343805,1513.87073019,188290.38787083,191262.6245311
2024,December,Focused Fund,28.0,5159573.0,1898.32908083,1442.53213817,455.796942659999,146287.54660108,148931.46291712
2024,December,Sectoral/Thematic Funds,202.0,29848837.0,22127.88932329,6796.35192609,15331.5373972,472698.0783098,472461.77791635
2024,December,ELSS,42.0,16839209.0,2000.83787521,1812.85426897,187.983606239997,241311.28658847,246087.75668562
2024,December,Flexi Cap Fund,39.0,16994903.0,8070.87124575,3340.16317415,4730.7080716,438132.38942687,442761.36625851
2024,December,Sub Total - II (i+ii+iii+iv+v+vi+vii+viii+ix+x+xi),494.0,157496827.0,72115.93533832,30960.02312999,41155.91220833001,3057548.59290914,3090095.59755124
2024,December,Conservative Hybrid Fund,18.0,546180.0,391.45850443,561.56296734,-170.10446291,28460.12430325,28651.32037142
2024,December,Balanced Hybrid Fund/Aggressive Hybrid Fund,31.0,5706104.0,2480.7826504,2153.15334052,327.629309880002,221192.28815488,224944.03808036
2024,December,Dynamic Asset Allocation/Balanced Advantage Fund,34.0,5055258.0,4441.64003236,2845.52319852,1596.11683383999,285622.00122472,288317.45317232
2024,December,Multi Asset Allocation Fund,27.0,2846417.0,3798.56662897,1223.84751797,2574.719111,103320.90935774,109198.35586211
2024,December,Arbitrage Fund,31.0,573073.0,19722.78680859,20131.88140055,-409.094591959991,196063.65787448,236722.83433074
2024,December,Equity Savings Fund,22.0,470610.0,2166.77521964,1716.26333011,450.511889530004,41876.73845144,43696.01963382
2024,December,Sub Total - III (i+ii+iii+iv+v+vi),163.0,15197642.0,33002.009844390006,28632.23175501,4369.7780893800045,876535.7193665099,931530.02145077
2024,December,Retirement Fund,29.0,2982418.0,335.15027715,202.5986999,132.55157725,30127.99959432,30611.16402718
2024,December,Childrens Fund,12.0,3049707.0,266.61042112,65.7651424200001,200.8452787,22728.07389868,22829.33662427
2024,December,Sub Total - IV (i+ii),41.0,6032125.0,601.76069827,268.3638423200001,333.39685595000003,52856.073493,53440.50065145
2024,December,Index Funds,282.0,12545582.0,9170.32756998,4384.36347667,4785.96409331,275077.20275648,277090.89061462
2024,December,GOLD ETF,18.0,6405088.0,885.461158200002,245.3017276,640.159430600002,44595.6018686,44342.33164528
2024,December,Other ETFs,216.0,18596766.0,15828.86253643,20387.19510691,-4558.33257047999,765375.19197987,784169.41609338
2024,December,Fund of funds investing overseas,54.0,1371852.0,315.79525601,399.24085463,-83.4455986200005,26612.78479174,27085.37262629
2024,December,Sub Total - V (i+ii+iii+iv),570.0,38919288.0,26200.44652062,25416.10116581,784.3453548100119,1111660.7813966898,1132688.01097957
2024,December,Total A-Open ended Schemes,1585.0,224470051.0,1241200.754197039,1321709.9525854902,-80509.19838845005,6666078.44762878,6905893.73434723
2024,December,Fixed Term Plan,80.0,68115.0,208.71,0.0,208.71,15967.31499025,15910.8739132
2024,December,Capital Protection Oriented Schemes,0.0,0.0,0.0,0.0,0.0,0.0,0.0
2024,December,Infrastructure Debt Fund,4.0,30.0,0.0,0.0,0.0,1093.212334,1090.04692
2024,December,Other Debt Scheme,1.0,195809.0,17.66,51.73,-34.07,5419.88,5480.71
2024,December,Sub Total (i+ii+iii+iv),85.0,263954.0,226.37,51.73,174.64,22480.40732425,22481.6308332
2024,December,ELSS,18.0,267317.0,0.0,19.75404824,-19.75404824,4372.36599463,4462.85761441
2024,December,Other Equity Schemes,0.0,0.0,0.0,0.0,0.0,0.0,0.0
2024,December,Sub Total (i+ii),18.0,267317.0,0.0,19.75404824,-19.75404824,4372.36599463,4462.85761441
2024,December,Total B -Close ended Schemes,103.0,531271.0,226.37,71.48404823999999,154.88595176,26852.77331888,26944.48844761
2024,December,Total C Interval Schemes,12.0,2223.0,0.0102,0.26279999999997,-0.25259999999997,100.8961,120.8295
2024,December,Grand Total,1700.0,225003545.0,1241427.134397039,1321781.69943373,-80354.56503669005,6693032.11704766,6932959.05229484
2020,February,Overnight Fund,30.0,47900.0,388612.2100441579,390085.9196049443,-1473.709560786374,53283.34310473859,51906.75974000069
2020,February,Liquid Fund,40.0,1797938.0,352094.67216443084,395920.09843110666,-43825.426266675815,443108.3345730552,494144.9096971248
2020,February,Ultra Short Duration Fund,29.0,702191.0,15921.587483690411,15961.764413123545,-40.17692943313159,100964.63397573624,101793.84182780272
2020,February,Low Duration Fund,26.0,991397.0,17037.310958936243,13885.225438226727,3152.0855207095155,100987.06310811582,98890.26439608408
2020,February,Money Market Fund,19.0,358634.0,18694.185902754223,16141.06160786806,2553.124294886162,84129.51703778016,83464.29794767305
2020,February,Short Duration Fund,28.0,367453.0,8173.921677274731,4098.19237567265,4075.729301602081,104679.15338111288,102576.85598752796
2020,February,Medium Duration Fund,17.0,225742.0,952.428282728576,788.2254979940008,164.2027847345753,31032.81387316529,30783.045122891952
2020,February,Medium to Long Duration Fund,14.0,108713.0,400.84584478532975,93.17364671728956,307.6721980680402,10350.231548599424,10178.175553548988
2020,February,Long Duration Fund,2.0,25986.0,86.52955949000005,8.775774025000004,77.75378546500005,1599.8902590951066,1533.988996665329
2020,February,Dynamic Bond Fund,29.0,218577.0,444.1736563255681,429.27243206,14.90122426556809,18987.40350588264,18886.06644970197
2020,February,Corporate Bond Fund,20.0,383428.0,5109.907774764972,2268.9509201950023,2840.956854569969,85262.92524773897,83646.22449878287
2020,February,Credit Risk Fund,22.0,484554.0,962.162748530799,1598.963808377997,-636.8010598471983,61837.66463753741,61911.50292878143
2020,February,Banking and PSU Fund,19.0,171809.0,6665.690163277504,3460.497894045102,3205.1922692324024,78603.28184645787,77407.93444248065
2020,February,Gilt Fund,21.0,104727.0,238.20358795387887,394.6967730892084,-156.49318513532944,8465.935533310989,8491.231374142386
2020,February,Gilt Fund with 10 year constant duration,4.0,32680.0,64.803033744,16.163936842,48.639096902000006,852.4973435670486,815.3892042123547
2020,February,Floater Fund,7.0,166681.0,3789.55515560964,2036.7610644450035,1752.7940911646365,38179.73214176415,37498.82581116028
2020,February,Sub Total - I (1+2+3+4+5+6+7+8+9+10+11+12+13+14+15+16),327.0,6188410.0,819248.1880384546,847187.7436187324,-27939.5555802779,1222324.4211176576,1263929.3139785817
2020,February,Multi Cap Fund,35.0,9144004.0,4096.656225725288,2471.7491432990428,1624.907082426245,148861.9695035388,156974.12228278889
2020,February,Large Cap Fund,30.0,9831790.0,4232.817086717063,2626.05678896483,1606.7602977522329,146316.78038504574,154834.67701816166
2020,February,Large & Mid Cap Fund,27.0,4690989.0,1824.839041173244,1013.6045453222724,811.2344958509711,56764.120347658725,59415.02854223677
2020,February,Mid Cap Fund,26.0,6419805.0,3249.067874634111,1797.9142254865235,1451.1536491475872,89022.7964019812,92246.15424114754
2020,February,Small Cap Fund,23.0,5103771.0,2710.086467332596,1212.0601143089116,1498.0263530236844,50967.13548252293,52601.51805322404
2020,February,Dividend Yield Fund,6.0,472109.0,25.182428053000024,65.99918264799999,-40.81675459499996,4114.5399420780495,4387.328614463131
2020,February,Value Fund/Contra Fund,18.0,4148361.0,1014.0350701196984,1435.0435847894914,-421.0085146697929,51199.75180826381,55010.922506248426
2020,February,Focused Fund,22.0,3479625.0,2360.17479854,893.6794431504477,1466.495355389552,49312.61720648422,51167.783723503
2020,February,Sectoral/Thematic Funds,100.0,6507979.0,3499.0343431198216,1571.292997166489,1927.7413459533327,63912.71190438965,66884.10764452443
2020,February,ELSS,43.0,12184832.0,1772.691907489594,901.3711111207977,871.3207963687964,96565.3443453192,101973.79707275987
2020,February,Sub Total - II (17+18+19+20+21+22+23+24+25+26),330.0,61983265.0,24784.58524290441,13988.771136256806,10795.81410664761,757037.7673272823,795495.4396990577
2020,February,Conservative Hybrid Fund,22.0,390996.0,93.44902716244246,362.764873726579,-269.31584656413656,12433.394759024535,12695.98085024937
2020,February,Balanced Hybrid Fund/Aggressive Hybrid Fund,33.0,5280352.0,2562.0106348941044,3744.390581242697,-1182.379946348592,126575.14151726555,133850.248239185
2020,February,Dynamic Asset Allocation/Balanced Advantage,22.0,2622231.0,2640.2432805735843,2285.5863188389994,354.6569617345849,93916.05028359852,98466.89354270523
2020,February,Multi Asset Allocation,7.0,613535.0,326.6947011770003,303.1218175137674,23.572883663232915,10852.821767190444,13298.690448708574
2020,February,Arbitrage Fund,25.0,302989.0,5361.5748882935,5740.756243514603,-379.1813552211024,85360.39727157174,87044.79120157157
2020,February,Equity Savings,23.0,334284.0,140.7669388704112,694.001238636999,-553.2342997665878,13436.218860351935,14172.681397698923
2020,February,Sub Total - III (27+28+29+30+31+32),132.0,9544387.0,11124.739470971042,13130.621073473643,-2005.881602502601,342574.0244590028,359529.28568011866
2020,February,Retirement Fund,24.0,2544162.0,187.2040023300005,146.03089602900013,41.173106301000416,10088.250749768287,10447.27546919428
2020,February,Childrens Fund,9.0,2892287.0,61.5087369265824,28.21327272180628,33.295464204776124,8552.335517202977,8815.532707776729
2020,February,Sub Total - IV (33+34),33.0,5436449.0,248.7127392565829,174.2441687508064,74.46857050577654,18640.586266971262,19262.80817697101
2020,February,Index Funds,32.0,476834.0,814.4112222424428,302.9308546793932,511.4803675630496,7930.482017996546,8210.09786958245
2020,February,GOLD ETF,11.0,492753.0,1595.94679648,112.615993452,1483.330803028,7926.115531108139,6478.372211192461
2020,February,Other ETFs,76.0,1766536.0,24127.7116025226,7784.206009282992,16343.505593239606,180707.2789452973,187103.84629971968
2020,February,Fund of funds investing overseas,27.0,174580.0,200.9700351450001,90.76533183200009,110.20470331300004,2724.1098952455463,2911.163937156642
2020,February,Sub Total - V (35+36+37+38),146.0,2910703.0,26739.039656390043,8290.518189246386,18448.52146714365,199287.9863896476,204703.48031765124
2020,February,Total A-Open ended Schemes,968.0,86063214.0,882145.2651479767,882771.89818646,-626.6330384834619,2539864.785560562,2642920.32785238
2020,February,Fixed Term Plan,739.0,852511.0,105.26078638700028,236.76978651399983,-131.50900012699958,140310.25100166543,140166.72181772703
2020,February,Capital Protection Oriented Schemes ,30.0,117903.0,37.29876457099999,95.60002000000168,-58.301255429001685,4646.641431974158,4730.027719315973
2020,February,Infrastructure Debt Fund,9.0,89.0,0.0,0.0,0.0,2404.3565717345846,2400.790032740899
2020,February,Other Debt,33.0,83390.0,0.0,0.0,0.0,3507.7990641376705,3674.8481311971545
2020,February,Sub Total (i+ii+iii+iv),811.0,1053893.0,142.55955095800027,332.36980651400154,-189.81025555600127,150869.04806951186,150972.38770098105
2020,February,ELSS,25.0,471720.0,0.0,31.17273680900007,-31.17273680900007,4156.620927500464,4399.147853574961
2020,February,Others,90.0,1243396.0,0.0,34.785630801000025,-34.785630801000025,27614.347887188043,29305.99583751312
2020,February,Sub Total (i+ii),115.0,1715116.0,0.0,65.9583676100001,-65.9583676100001,31770.96881468851,33705.14369108808
2020,February,Total B -Close ended Schemes,926.0,2769009.0,142.55955095800027,398.3281741240016,-255.76862316600136,182640.0168842004,184677.5313920692
2020,February,Total C Interval Schemes,23.0,3938.0,0.0222419360000003,1103.142543779,-1103.120301843,432.5918527800435,1040.4536855592708
2020,February,Grand Total (A + B + C),1917.0,88836161.0,882287.8469408706,884273.368904363,-1985.521963492463,2722937.394297542,2828638.3129300084
2021,February,Overnight Fund,30.0,122069.0,211973.225534,212494.419007,-521.193472999992,65655.1336287,84437.42057288
2021,February,Liquid Fund,38.0,2235357.0,258655.85124829,241354.27957016,17301.57167813,355554.09573862,374810.57729721
2021,February,Ultra Short Duration Fund,29.0,797739.0,14381.18562758,17326.63664988,-2945.4510223,98260.01920704,98164.45240647
2021,February,Low Duration Fund,25.0,1240134.0,20857.2687357,18012.88039723,2844.38833847,145362.44699892,142938.53752815
2021,February,Money Market Fund,19.0,480717.0,23693.26831048,14113.34288588,9579.9254246,96410.48693382,92090.87530544
2021,February,Short Duration Fund,27.0,710466.0,3850.46956418,14136.62323863,-10286.15367445,153714.17427186,157805.86447058
2021,February,Medium Duration Fund,17.0,298435.0,1199.16189725,1378.70290867,-179.54101142,30878.62543066,31256.959343
2021,February,Medium to Long Duration Fund,13.0,125084.0,117.01782519,997.28053678,-880.26271159,10738.4592312,11118.2368376
2021,February,Long Duration Fund,2.0,30444.0,60.4295,47.749,12.6805,2493.3842,2515.0722
2021,February,Dynamic Bond Fund,25.0,289200.0,1331.67756335,3094.84053667,-1763.16297332,25421.43423199,26168.57875012
2021,February,Corporate Bond Fund,20.0,709950.0,3501.36653693,10253.24988247,-6751.88334554,156231.29258577,159144.0883668
2021,February,Credit Risk Fund,18.0,329355.0,569.51505807,1399.03647393,-829.52141586,28151.96880633,28440.88899989
2021,February,Banking and PSU Fund,23.0,394788.0,3308.8745072,4967.38779323,-1658.51328603,125282.68990501,126619.4187218
2021,February,Gilt Fund,21.0,221450.0,584.27152894,2173.59187998,-1589.32035104,16672.3778744,17257.27675356
2021,February,Gilt Fund with 10 year constant duration,4.0,59669.0,77.517279,132.8496008,-55.3323218,1555.6791414,1609.3681123
2021,February,Floater Fund,9.0,250749.0,6429.329506,6972.93439218,-543.60488618,62001.7865494,62678.9693332
2021,February,Sub Total - I (i+ii+iii+iv+v+vi+vii+viii+ix+x+xi+xii+xiii+xiv+xv+xvi),320.0,8295606.0,550590.4302221598,548855.8047534899,1734.6254686700036,1374384.0547351197,1417056.5849990002
2021,February,Multi Cap Fund  $$,10.0,1391762.0,-10853.87875949,-14931.81759449,4077.938835,20158.1757185,20017.2272193
2021,February,Large Cap Fund,32.0,10453660.0,3591.47601855,4871.62613788,-1280.15011933,177549.29509903,181667.80161713
2021,February,Large & Mid Cap Fund,28.0,4930393.0,1943.09043154,1786.23790722,156.85252432,74937.0016718,74952.15783066
2021,February,Mid Cap Fund,26.0,6523469.0,2690.00785824,2789.00322068,-98.99536244,113515.03124229,111990.21265746
2021,February,Small Cap Fund,24.0,4978320.0,1587.78328373,2039.36436534,-451.58108161,67763.7994755,66404.5192504
2021,February,Dividend Yield Fund,7.0,502297.0,103.29956887,109.71252543,-6.41295656,6598.9234522,6593.789554
2021,February,Value Fund/Contra Fund,18.0,3754709.0,782.18014363,2160.68770715,-1378.50756352,60814.98634778,61816.95559904
2021,February,Focused Fund,25.0,3855017.0,1827.66799946,1670.81141613,156.85658333,67501.71890269,68358.6289689
2021,February,Sectoral/Thematic Funds,105.0,7743557.0,3301.63705636,3666.92138161,-365.28432525,95363.95396958,96232.73144292
2021,February,ELSS,42.0,12383166.0,1476.07433798,2323.91872512,-847.84438714,122935.52724281,124918.26701616
2021,February,Flexi Cap Fund,25.0,8248025.0,14451.18971349,18948.41914907,-4497.22943558,156219.8253139,158540.32220988
2021,February,Sub Total - II (i+ii+iii+iv+v+vi+vii+viii+ix+x+xi),342.0,64764375.0,20900.52765236,25434.88494114,-4534.357288780001,963358.23843608,971492.61336585
2021,February,Conservative Hybrid Fund,21.0,378912.0,452.80075636,308.20591873,144.59483763,12512.57483692,12474.05755895
2021,February,Balanced Hybrid Fund/Aggressive Hybrid Fund,34.0,4743445.0,2055.31429358,4389.46296094,-2334.14866736,122778.92047244,124808.12111183
2021,February,Dynamic Asset Allocation/Balanced Advantage Fund,24.0,2770541.0,5079.09610551,3073.29145861,2005.8046469,106473.07474623,106568.5656574
2021,February,Multi Asset Allocation Fund,10.0,714970.0,484.52421172,508.76426017,-24.24004845,14787.67657321,15399.46848964
2021,February,Arbitrage Fund,27.0,429411.0,8451.37652526,3418.12085756,5033.2556677,71858.24660158,76608.68939387
2021,February,Equity Savings Fund,23.0,288150.0,271.53643588,394.05661519,-122.52017931,9804.3111863,10134.63795713
2021,February,Sub Total - III (i+ii+iii+iv+v+vi),139.0,9325429.0,16794.64832831,12091.9020712,4702.74625711,338214.80441668,345993.54016882
2021,February,Retirement Fund,25.0,2614206.0,1194.9870837,198.2705926,996.7164911,13375.360411,13145.6491937
2021,February,Childrens Fund,10.0,2885118.0,59.44980397,52.37772576,7.07207821,10692.30632775,10792.21687462
2021,February,Sub Total - IV (i+ii),35.0,5499324.0,1254.43688767,250.64831836,1003.78856931,24067.66673875,23937.86606832
2021,February,Index Funds,39.0,936077.0,1334.01030539,844.8446989,489.16560649,16867.16236597,16855.43105196
2021,February,GOLD ETF,11.0,1089710.0,566.20502768,74.81594013,491.38908755,14101.83734354,14096.63507848
2021,February,Other ETFs,89.0,3942779.0,8684.3103784,6735.24877858,1949.06159982,273885.6159085,280061.55953601
2021,February,Fund of funds investing overseas,33.0,623281.0,1145.48403485,176.14722092,969.33681393,10716.19635716,10807.85594513
2021,February,Sub Total - V (i+ii+iii+iv),172.0,6591847.0,11730.00974632,7831.056638530001,3898.95310779,315570.81197517,321821.48161158
2021,February,Total A-Open ended Schemes,1008.0,94476581.0,601270.0528368198,594464.2967227198,6805.756114100003,3015595.5763018,3080302.08621357
2021,February,Fixed Term Plan,581.0,515556.0,0.0,183.311877,-183.311877,119373.96339669,119310.17667739
2021,February,Capital Protection Oriented Schemes,22.0,59829.0,0.0,0.0,0.0,2685.4249527,2689.7631609
2021,February,Infrastructure Debt Fund,9.0,89.0,0.0,0.0,0.0,2263.947081,2260.301076
2021,February,Other Debt Scheme,8.0,17979.0,0.0,0.0023242,-0.0023242,708.8921959,734.0215466
2021,February,Sub Total (i+ii+iii+iv),620.0,593453.0,0.0,183.3142012,-183.3142012,125032.22762629,124994.26246089
2021,February,ELSS,25.0,437875.0,0.0,124.25771119,-124.25771119,4763.2518529,4877.6859671
2021,February,Other Equity Schemes,54.0,677178.0,0.0,2230.09133,-2230.09133,18520.84116904,19074.14878582
2021,February,Sub Total (i+ii),79.0,1115053.0,0.0,2354.34904119,-2354.34904119,23284.09302194,23951.834752920004
2021,February,Total B -Close ended Schemes,699.0,1708506.0,0.0,2537.66324239,-2537.66324239,148316.32064823,148946.09721381
2021,February,Total C Interval Schemes,22.0,3448.0,0.5235,178.5218,-177.9983,201.7593,332.2576
2021,February,Grand Total,1729.0,96188535.0,601270.5763368198,597180.4817651098,4090.094571710003,3164113.65625003,3229580.44102738
2022,February,Overnight Fund,31.0,524639.0,353798.0835314,352502.0221181,1296.06141329999,115555.27447458,127886.31981983
2022,February,Liquid Fund,38.0,1794706.0,274396.1480447,234122.83459707,40273.31344763,389305.47726296,400295.0607239
2022,February,Ultra Short Duration Fund,27.0,623294.0,15430.26440871,16745.30092391,-1315.0365152,90436.55913237,92519.73545049
2022,February,Low Duration Fund,23.0,1072630.0,7962.74345357,12944.27643131,-4981.53297774,121216.79590091,123862.89371165
2022,February,Money Market Fund,20.0,420963.0,22508.5180245,23163.84168535,-655.323660849997,119233.31260767,118168.42005136
2022,February,Short Duration Fund,26.0,584821.0,1965.93444523,14057.81230919,-12091.87786396,124564.16777565,132256.95781092
2022,February,Medium Duration Fund,16.0,283631.0,315.49465949,1377.35906498,-1061.86440549,33842.12303823,34173.99417285
2022,February,Medium to Long Duration Fund,13.0,116571.0,66.3834134,2973.52163005,-2907.13821665,11102.7964065,11908.7307045
2022,February,Long Duration Fund,2.0,24765.0,6.2742,64.4372,-58.163,2549.9995,2535.4125
2022,February,Dynamic Bond Fund,26.0,236499.0,879.7519935,2585.00427592,-1705.25228242,26199.12437703,26276.22418462
2022,February,Corporate Bond Fund,21.0,668061.0,2622.03520145,12840.77576387,-10218.74056242,141569.17911948,146846.39799209
2022,February,Credit Risk Fund,15.0,273672.0,316.17783022,703.94279149,-387.76496127,28051.6345954,28129.98974404
2022,February,Banking and PSU Fund,22.0,336854.0,1762.3538606,5416.4787413,-3654.1248807,101148.3878052,102912.2251677
2022,February,Gilt Fund,21.0,180217.0,491.58046617,955.64303833,-464.06257216,15691.38131187,15991.98494105
2022,February,Gilt Fund with 10 year constant duration,4.0,45533.0,23.3499112,43.1603562,-19.810445,1335.2048427,1344.5694315
2022,February,Floater Fund,12.0,268620.0,3098.466745,13421.4427324,-10322.9759874,87595.7244409,94053.7422732
2022,February,Sub Total - I (i+ii+iii+iv+v+vi+vii+viii+ix+x+xi+xii+xiii+xiv+xv+xvi),317.0,7455476.0,685643.5601891399,693917.85365947,-8274.293470330002,1409397.14259145,1459162.6586797002
2022,February,Multi Cap Fund,14.0,2651738.0,1169.11193624,583.83884376,585.27309248,42784.3627787,43982.2658703
2022,February,Large Cap Fund,32.0,12313521.0,4472.82182121,2134.23969606,2338.58212515,216794.4950656,221872.92804499
2022,February,Large & Mid Cap Fund,27.0,6537977.0,2981.86650668,946.29034699,2035.57615969,103409.1145175,105755.0381152
2022,February,Mid Cap Fund,27.0,8539929.0,3427.45014221,1473.12663418,1954.32350803,152548.49226718,155730.27899133
2022,February,Small Cap Fund,24.0,7648110.0,2746.2508464,1316.50632918,1429.74451722,100406.6551977,103996.0616908
2022,February,Dividend Yield Fund,8.0,561626.0,244.59545095,88.0999445,156.49550645,9421.983951,9536.85188
2022,February,Value Fund/Contra Fund,22.0,3989205.0,1492.8611399,655.81990705,837.04123285,75626.9989383,77609.6286632
2022,February,Focused Fund,26.0,4933396.0,2879.08235602,923.52998378,1955.55237224,92851.2957371,94308.0471643
2022,February,Sectoral/Thematic Funds,117.0,11682935.0,6255.25289685,2814.24978346,3441.00311339,143324.59683359,145538.94733048
2022,February,ELSS,40.0,13540673.0,2175.3907775,1077.27826026,1098.11251724,141035.59376156,144887.95779394
2022,February,Flexi Cap Fund,31.0,11520089.0,5932.59600366,2059.03282064,3873.56318302,216341.2158055,221329.5906256
2022,February,Sub Total - II (i+ii+iii+iv+v+vi+vii+viii+ix+x+xi),368.0,83919199.0,33777.27987762,14072.01254986,19705.26732776,1294544.80485373,1324547.59617014
2022,February,Conservative Hybrid Fund,21.0,500024.0,672.60486709,723.5088906,-50.90402351,20600.27109696,20825.94212477
2022,February,Balanced Hybrid Fund/Aggressive Hybrid Fund,33.0,5047228.0,3068.06758205,2157.95261682,910.11496523,144280.95144651,146840.9720168
2022,February,Dynamic Asset Allocation/Balanced Advantage Fund,26.0,4172282.0,4442.64269989,2324.65074334,2117.99195655,173638.7969345,176087.93821234
2022,February,Multi Asset Allocation Fund,10.0,786721.0,452.26700031,247.69317669,204.57382362,18933.01886538,20254.76597925
2022,February,Arbitrage Fund,25.0,508631.0,7012.64272487,7348.54870495,-335.90598008,101515.15778446,116408.23344164
2022,February,Equity Savings Fund,22.0,350778.0,996.59897675,665.53985024,331.05912651,16572.226726,17109.2529458
2022,February,Sub Total - III (i+ii+iii+iv+v+vi),137.0,11365664.0,16644.82385096,13467.89398264,3176.92986832,475540.42285381,497527.1047206
2022,February,Retirement Fund,25.0,2679439.0,194.51135153,86.77923862,107.73211291,15931.0568753,16232.3971052
2022,February,Childrens Fund,10.0,2891704.0,95.03476583,37.7977153,57.23705053,12770.4139174,13009.9485326
2022,February,Sub Total - IV (i+ii),35.0,5571143.0,289.54611736000004,124.57695392,164.96916344,28701.4707927,29242.3456378
2022,February,Index Funds,78.0,2342493.0,6736.83998018,989.05880789,5747.78117229,54737.45934291,52099.85758011
2022,February,GOLD ETF,11.0,3774398.0,244.48772317,492.54819436,-248.06047119,18727.92718941,18193.63212068
2022,February,Other ETFs,119.0,9785826.0,21531.2405362,10740.0603497,10791.1801865,391436.12426512,391859.58542673
2022,February,Fund of funds investing overseas,44.0,1244247.0,592.95356351,362.49134065,230.46222286,22072.04365793,22280.39686992
2022,February,Sub Total - V (i+ii+iii+iv),252.0,17146964.0,29105.52180306,12584.1586926,16521.36311046,486973.55445537,484433.47199744
2022,February,Total A-Open ended Schemes,1109.0,125458446.0,765460.7318381399,734166.49583849,31294.235999649994,3695157.39554706,3794913.17720568
2022,February,Fixed Term Plan,289.0,187938.0,202.760955,0.06,202.700955,48296.48614018,48108.45781765
2022,February,Capital Protection Oriented Schemes,13.0,30733.0,0.0,0.0,0.0,1610.6855281,1613.8617696
2022,February,Infrastructure Debt Fund,8.0,80.0,0.0,0.0,0.0,1973.245939,1964.3877
2022,February,Other Debt Scheme,1.0,717.0,0.0,0.0,0.0,59.9,60.41
2022,February,Sub Total (i+ii+iii+iv),311.0,219468.0,202.760955,0.06,202.700955,51940.317607280005,51747.11728725
2022,February,ELSS,20.0,315996.0,0.0,37.50157942,-37.50157942,3664.580826,3787.580489
2022,February,Other Equity Schemes,18.0,132558.0,0.0,22.907,-22.907,4937.302608,5124.205753
2022,February,Sub Total (i+ii),38.0,448554.0,0.0,60.40857942,-60.40857942,8601.883434,8911.786242
2022,February,Total B -Close ended Schemes,349.0,668022.0,202.760955,60.46857942,142.29237558,60542.20104128,60658.903529250005
2022,February,Total C Interval Schemes,21.0,3081.0,103.9749,6.9722,97.0027,596.3684,567.6416
2022,February,Grand Total,1479.0,126129549.0,765767.4676931399,734233.9366179099,31533.53107523,3756295.96498834,3856139.72233493
2023,February,Overnight Fund,32.0,628847.0,401879.05295324,398933.21289748,2945.84005576093,103090.56364525,125487.40297791
2023,February,Liquid Fund,36.0,1786569.0,275599.32767635,286903.57905978,-11304.2513834299,386489.73190533,434140.6390587
2023,February,Ultra Short Duration Fund,25.0,642322.0,11619.15687119,14049.12542108,-2429.96854989004,88805.4278081,89974.06617803
2023,February,Low Duration Fund,21.0,955013.0,6006.21017286999,7909.95491854,-1903.74474567,92214.63416518,93322.18005115
2023,February,Money Market Fund,22.0,427033.0,20864.19256589,21406.57514552,-542.382579630008,118619.64609869,119798.62758283
2023,February,Short Duration Fund,25.0,507846.0,2529.64508647,2118.02160194,411.623484529995,90970.25921387,90859.16840586
2023,February,Medium Duration Fund,15.0,252439.0,358.15550875,652.52502071,-294.36951196,25866.88022758,26006.12237696
2023,February,Medium to Long Duration Fund,12.0,106466.0,65.86107554,260.85215151,-194.99107597,8664.21207133,8757.78972801
2023,February,Long Duration Fund,6.0,40448.0,369.26241343,25.86881061,343.39360282,4080.6234818,3926.8702773
2023,February,Dynamic Bond Fund,22.0,220176.0,746.60678691,244.96274024,501.64404667,23364.68686411,23198.69262367
2023,February,Corporate Bond Fund,21.0,608447.0,3973.16818246,3311.36702335,661.801159109997,114844.94288552,113775.32580118
2023,February,Credit Risk Fund,15.0,247040.0,171.33658854,844.32684751,-672.99025897,24409.59513849,24610.70275612
2023,February,Banking and PSU Fund,23.0,298204.0,730.17021179,990.299975590002,-260.129763800001,73323.76144576,73466.20927139
2023,February,Gilt Fund,22.0,171155.0,621.54074795,170.73622869,450.80451926,16794.65288569,16543.3989804
2023,February,Gilt Fund with 10 year constant duration,5.0,41728.0,191.38976098,54.31271253,137.07704845,1796.76471247,1751.38885662
2023,February,Floater Fund,12.0,241031.0,1264.04681944,2928.63289389999,-1664.58607445999,56323.55880781,57100.91038707
2023,February,Sub Total - I (i+ii+iii+iv+v+vi+vii+viii+ix+x+xi+xii+xiii+xiv+xv+xvi),314.0,7174764.0,726989.1234217999,740804.35344898,-13815.230027179015,1229659.94135698,1302719.4953132
2023,February,Multi Cap Fund,18.0,4075693.0,3158.26223964,1180.90469857,1977.35754107,66874.98744951,67908.58907269
2023,February,Large Cap Fund,31.0,12963430.0,3048.99708463,2695.12357695,353.87350768,235167.66938731,240356.49949231
2023,February,Large & Mid Cap Fund,26.0,7748622.0,3123.85935996,1472.86161129,1650.99774867,126648.36278492,128001.41993551
2023,February,Mid Cap Fund,29.0,10499596.0,3490.77547357,1674.11665928,1816.65881429,183246.26623633,184425.02440386
2023,February,Small Cap Fund,24.0,10671838.0,3453.82708935,1207.52711796,2246.29997139,131568.4567597,132162.75466879
2023,February,Dividend Yield Fund,8.0,596908.0,128.61761824,80.6871348099999,47.9304834300003,10183.10985654,10332.35417355
2023,February,Value Fund/Contra Fund,22.0,4602572.0,1445.86844277,732.705122009999,713.163320760002,89509.94301567,90729.76214841
2023,February,Focused Fund,26.0,5321370.0,1502.51111543,1262.26037395,240.250741479998,99014.41290066,100666.59521935
2023,February,Sectoral/Thematic Funds,125.0,13118546.0,6554.69394696,2698.79400723,3855.89993973001,168775.22413451,169394.31896128
2023,February,ELSS,42.0,14968197.0,2284.39815268,1303.25762852,981.140524160002,149998.1275385,152361.58687132
2023,February,Flexi Cap Fund,35.0,12664386.0,4283.87210579,2481.86990619,1802.0021996,240790.96685579,244285.5964899
2023,February,Sub Total - II (i+ii+iii+iv+v+vi+vii+viii+ix+x+xi),386.0,97231158.0,32475.68262902,16790.107836759995,15685.574792260011,1501777.52691944,1520624.50143697
2023,February,Conservative Hybrid Fund,20.0,518630.0,331.77951399,424.10636233,-92.3268483399997,22716.04779346,22912.94271023
2023,February,Balanced Hybrid Fund/Aggressive Hybrid Fund,31.0,5316109.0,1865.96608748,1740.60561157,125.360475909998,153637.06437334,156749.41412565
2023,February,Dynamic Asset Allocation/Balanced Advantage Fund,28.0,4445077.0,2965.66339835,2907.85108658,57.8123117699979,191440.46340129,194454.69427434
2023,February,Multi Asset Allocation Fund,11.0,1031458.0,863.495520100001,352.98251048,510.513009620001,25947.5156265,27473.4387912
2023,February,Arbitrage Fund,26.0,458666.0,4958.00253312,4893.35638948,64.6461436399986,77229.33956709,90669.40387044
2023,February,Equity Savings Fund,22.0,363214.0,334.5312943,540.21531855,-205.68402425,16444.5704426,17306.08059756
2023,February,Sub Total - III (i+ii+iii+iv+v+vi),138.0,12133154.0,11319.438347340005,10859.11727899,460.3210683499958,487415.00120428,509565.97436942
2023,February,Retirement Fund,26.0,2753542.0,211.89169637,111.91110836,99.98058801,17810.8813607,17986.30385966
2023,February,Childrens Fund,10.0,2924260.0,109.2947119,39.83858482,69.45612708,14169.7214348,14297.2254115
2023,February,Sub Total - IV (i+ii),36.0,5677802.0,321.18640827,151.74969318,169.43671509,31980.602795500003,32283.52927116
2023,February,Index Funds,163.0,3582822.0,9476.3264569,3232.03002994,6244.29642696,138814.08204265,136565.99369296
2023,February,GOLD ETF,12.0,4693916.0,308.25807486,142.8348692,165.42320566,21399.7164256,21713.96906507
2023,February,Other ETFs,155.0,11963506.0,14801.1994056,14772.2707663,28.9286393000075,481776.04881702,491599.7217824
2023,February,Fund of funds investing overseas,49.0,1274592.0,444.0489584,394.51853735,49.5304210499999,21893.02679236,22464.72075896
2023,February,Sub Total - V (i+ii+iii+iv),379.0,21514836.0,25029.83289576,18541.65420279,6488.178692970007,663882.87407763,672344.40529939
2023,February,Total A-Open ended Schemes,1253.0,143731714.0,796135.2637021898,787146.9824607,8988.281241491,3914715.9463538295,4037537.90569014
2023,February,Fixed Term Plan,107.0,137036.0,954.3982481,105.911380000005,848.486868099995,21741.5000373,21172.58478766
2023,February,Capital Protection Oriented Schemes,7.0,12654.0,0.0,0.0,0.0,635.8087726,637.0823574
2023,February,Infrastructure Debt Fund,7.0,52.0,0.0,0.0,0.0,1967.7180354,1963.5822404
2023,February,Other Debt Scheme,0.0,0.0,0.0,0.0,0.0,0.0,0.0
2023,February,Sub Total (i+ii+iii+iv),121.0,149742.0,954.3982481,105.911380000005,848.486868099995,24345.026845300003,23773.24938546
2023,February,ELSS,19.0,298874.0,0.0,28.89771266,-28.89771266,3440.1532833,3526.8390391
2023,February,Other Equity Schemes,11.0,67552.0,0.01,0.0,0.01,3124.5091115,3165.7041147
2023,February,Sub Total (i+ii),30.0,366426.0,0.01,28.89771266,-28.88771266,6564.6623948,6692.543153799999
2023,February,Total B -Close ended Schemes,151.0,516168.0,954.4082481,134.809092660005,819.599155439995,30909.6892401,30465.79253926
2023,February,Total C Interval Schemes,12.0,2874.0,95.3448999999998,328.0547,-232.7098,631.3122,796.5544
2023,February,Grand Total,1416.0,144250756.0,797185.0168502898,787609.8462533599,9575.170596930997,3946256.9477939294,4068800.2526294
2024,February,Overnight Fund,35.0,892025.0,414374.56107068,431750.17340167,-17375.6123309899,67724.65467276,97290.99304367
2024,February,Liquid Fund,36.0,1778681.0,372298.57904077,288656.24743644,83642.3316043299,517403.71816824,497485.58157793
2024,February,Ultra Short Duration Fund,24.0,635543.0,13264.22281889,13626.69309834,-362.470279450004,92070.5467686,91584.040436
2024,February,Low Duration Fund,20.0,883315.0,8858.48563323,12958.86776374,-4100.38213051,95695.65522756,96913.23029115
2024,February,Money Market Fund,23.0,433052.0,27980.55030248,27843.82208018,136.728222300007,156455.18876997,153800.40635877
2024,February,Short Duration Fund,23.0,457312.0,4126.65426888,1781.08081802,2345.57345086,104796.55938588,103785.80392867
2024,February,Medium Duration Fund,15.0,231903.0,219.59815611,607.46258682,-387.86443071,26157.69836109,26238.17329179
2024,February,Medium to Long Duration Fund,12.0,101160.0,142.55500164,149.1642301,-6.60922845999971,10528.85241744,10507.33360763
2024,February,Long Duration Fund,7.0,50699.0,700.5150814,69.13928647,631.37579493,11884.630341,11527.993021
2024,February,Dynamic Bond Fund,22.0,219929.0,626.717628339999,495.20233266,131.515295679999,31509.0360541,31285.47123092
2024,February,Corporate Bond Fund,21.0,562839.0,7073.30274926,4044.43821438,3028.86453488,146747.48296958,144744.75073559
2024,February,Credit Risk Fund,14.0,211281.0,43.2092399399999,409.10835707,-365.89911713,23305.34575132,23413.88827194
2024,February,Banking and PSU Fund,23.0,259627.0,1109.91848733,1589.99552222,-480.077034889999,80249.68676016,80073.5115924
2024,February,Gilt Fund,21.0,182215.0,1597.18434581,1057.78385653,539.400489279999,27579.75767398,27198.6748334
2024,February,Gilt Fund with 10 year constant duration,5.0,38317.0,79.08433889,36.6721333100002,42.4122055799999,4649.44602177,4615.52543734
2024,February,Floater Fund,13.0,217967.0,2231.15207137,5841.62102329,-3610.46895192,53215.88078599,53973.81318586
2024,February,Sub Total - I (i+ii+iii+iv+v+vi+vii+viii+ix+x+xi+xii+xiii+xiv+xv+xvi),314.0,7155865.0,854726.2902350201,790917.47214124,63808.818093780006,1449974.1401294395,1454439.1908440597
2024,February,Multi Cap Fund,24.0,5868656.0,3835.63940125,1421.60241883,2414.03698242,122258.09985279,121146.91599185
2024,February,Large Cap Fund,31.0,13489341.0,5205.89820225001,4284.76147666,921.136725590004,305940.6500759,304329.0166298
2024,February,Large & Mid Cap Fund,29.0,9105807.0,5304.99318768,2148.35061708,3156.6425706,200832.68903567,198380.72580808
2024,February,Mid Cap Fund,29.0,13715842.0,5427.82470435,3619.64399887,1808.18070548,295682.93843498,294490.52797967
2024,February,Small Cap Fund,27.0,18664893.0,6897.36664301001,3974.91223201,2922.45441100001,249070.99331866,249079.06007651
2024,February,Dividend Yield Fund,9.0,855919.0,568.6509545,474.637738,94.0132165,23618.0860708,23529.7380037
2024,February,Value Fund/Contra Fund,23.0,6007105.0,3175.5182074,1308.36779049,1867.15041691,147098.26110556,145849.92480558
2024,February,Focused Fund,28.0,5075441.0,1806.05927731,2338.94496962,-532.885692309999,126471.01666738,126411.06847254
2024,February,Sectoral/Thematic Funds,155.0,17430950.0,17655.97938726,6393.26429043,11262.71509683,287899.15386953,279271.88277281
2024,February,ELSS,42.0,15860893.0,2469.25710907,2130.14477268,339.112336389997,209354.37606414,208094.43044044
2024,February,Flexi Cap Fund,38.0,14002857.0,6575.47167099,3962.24562831,2613.22604268,344169.75717637,341202.15600319
2024,February,Sub Total - II (i+ii+iii+iv+v+vi+vii+viii+ix+x+xi),435.0,120077704.0,58922.65874507002,32056.87593298,26865.78281209001,2312396.02167178,2291785.44698417
2024,February,Conservative Hybrid Fund,19.0,535328.0,406.57364263,512.5894545,-106.01581187,26701.84223578,26684.79780891
2024,February,Balanced Hybrid Fund/Aggressive Hybrid Fund,31.0,5385542.0,2639.37028122,2610.03405943,29.3362217899994,193738.88217162,193518.32661471
2024,February,Dynamic Asset Allocation/Balanced Advantage Fund,32.0,4564056.0,4835.72814265,3548.89578715,1286.83235550001,245822.01554191,244820.66559213
2024,February,Multi Asset Allocation Fund,21.0,1930545.0,4888.12830158,844.92705354,4043.20124804,64695.3263768,65769.32092956
2024,February,Arbitrage Fund,27.0,482770.0,22964.52556799,11456.37415158,11508.15141641,150768.50400606,173873.50619022
2024,February,Equity Savings Fund,22.0,401223.0,2378.87818312,1035.30187348,1343.57630964,28650.56841593,28606.81250721
2024,February,Sub Total - III (i+ii+iii+iv+v+vi),152.0,13299464.0,38113.204119190006,20008.12237968,18105.081739510013,710377.1387480999,733273.4296427399
2024,February,Retirement Fund,27.0,2857232.0,278.57176107,162.17434391,116.39741716,24924.13510299,24779.80692996
2024,February,Childrens Fund,11.0,2976977.0,139.68067965,72.95444243,66.72623722,18851.74646726,18797.86196718
2024,February,Sub Total - IV (i+ii),38.0,5834209.0,418.25244072,235.12878634,183.12365438,43775.88157025,43577.66889714
2024,February,Index Funds,203.0,7214044.0,5669.49574279,3133.12388523,2536.37185756,209786.55730255,207616.60337575
2024,February,GOLD ETF,17.0,5023955.0,1031.13106036,33.90965798,997.22140238,28529.8845868,27924.60775754
2024,February,Other ETFs,186.0,13464269.0,17059.7325428,10598.058708,6461.67383480001,644835.25565632,639443.97059877
2024,February,Fund of funds investing overseas,54.0,1551981.0,365.04685166,604.21935251,-239.17250085,24932.31076379,24686.6741658
2024,February,Sub Total - V (i+ii+iii+iv),460.0,27254249.0,24125.40619761,14369.31160372,9756.094593890011,908084.00830946,899671.8558978599
2024,February,Total A-Open ended Schemes,1399.0,173621491.0,976305.81173761,857586.91084396,118718.90089365005,5424607.190429029,5422747.592265969
2024,February,Fixed Term Plan,93.0,77445.0,250.7526896,421.837156,-171.084466399999,17981.01940076,17955.9739197
2024,February,Capital Protection Oriented Schemes,0.0,0.0,0.0,0.0,0.0,0.0,0.0
2024,February,Infrastructure Debt Fund,5.0,41.0,0.0,0.0,0.0,1621.369925,1616.540042
2024,February,Other Debt Scheme,1.0,213585.0,23.99,61.73,-37.74,5290.76,5308.67
2024,February,Sub Total (i+ii+iii+iv),99.0,291071.0,274.7426896,483.567156,-208.824466399999,24893.14932576,24881.1839617
2024,February,ELSS,19.0,280367.0,0.0,26.15790093,-26.15790093,4092.2652294,4105.14250332
2024,February,Other Equity Schemes,0.0,0.0,0.0,136.56,-136.56,0.0,98.05
2024,February,Sub Total (i+ii),19.0,280367.0,0.0,162.71790093,-162.71790093,4092.2652294,4203.1925033200005
2024,February,Total B -Close ended Schemes,118.0,571438.0,274.7426896,646.28505693,-371.542367329999,28985.41455516,29084.376465020003
2024,February,Total C Interval Schemes,12.0,2606.0,89.5720999999999,86.1307,3.44139999999987,621.5292,655.0382
2024,February,Grand Total,1529.0,174195535.0,976670.12652721,858319.32660089,118350.79992632005,5454214.134184189,5452487.006930989
2025,February,Overnight Fund,34.0,638050.0,467908.59474299,470172.535491451,-2263.94074846059,91908.70380843,102958.11390825
2025,February,Liquid Fund,37.0,1877020.0,372128.55542592,367151.59021762,4976.96520829992,567506.09896745,610010.14930317
2025,February,Ultra Short Duration Fund,25.0,653071.0,13130.35039061,17411.37483862,-4281.02444801002,107720.22781053,110307.65999087
2025,February,Low Duration Fund,20.0,818446.0,8901.80064981,11726.40382484,-2824.60317503,113394.63184135,114922.10245886
2025,February,Money Market Fund,24.0,433869.0,38869.18276266,42145.15157698,-3275.96881432005,251863.54807679,256161.37267301
2025,February,Short Duration Fund,24.0,448732.0,3741.62678163,3012.45435379,729.17242784,113223.60303517,113044.21751499
2025,February,Medium Duration Fund,13.0,212916.0,201.389294629999,379.61599228,-178.22669765,24940.03978751,24964.86899344
2025,February,Medium to Long Duration Fund,13.0,102269.0,134.00851489,77.81052937,56.1979855199997,11667.59664353,11642.03320316
2025,February,Long Duration Fund,11.0,90221.0,325.826886319999,489.12142871,-163.294542390001,20329.30309194,20568.89188149
2025,February,Dynamic Bond Fund,22.0,224121.0,492.927745290001,600.96891432,-108.04116903,35317.34917915,35430.72433963
2025,February,Corporate Bond Fund,21.0,529679.0,4022.88759476001,2958.05130192,1064.83629284001,174014.82939277,173605.55603331
2025,February,Credit Risk Fund,14.0,181719.0,58.23565275,256.12480368,-197.88915093,20541.65534593,20569.55363634
2025,February,Banking and PSU Fund,22.0,236084.0,1456.8935697,983.360697480002,473.532872219997,79442.62034189,79240.11648136
2025,February,Gilt Fund,22.0,213316.0,908.772160160002,1187.07636564,-278.304205479999,40749.34270831,41108.05184107
2025,February,Gilt Fund with 10 year constant duration,5.0,35759.0,126.95765981,39.32283598,87.63482383,4948.96815616,4908.04629065
2025,February,Floater Fund,12.0,196393.0,915.76770945,1258.37909891,-342.611389460002,50543.16033834,50585.12842008
2025,February,Sub Total - I (i+ii+iii+iv+v+vi+vii+viii+ix+x+xi+xii+xiii+xiv+xv+xvi),319.0,6891665.0,913323.77754138,919849.342271591,-6525.564730210735,1708111.6785252506,1770026.5869696797
2025,February,Multi Cap Fund,30.0,9333418.0,4428.89902338,1911.21268462,2517.68633876,161176.44843298,169272.44023797
2025,February,Large Cap Fund,32.0,15864041.0,5309.18728943,2443.18915095001,2865.99813848,335387.54724984,349572.70418438
2025,February,Large & Mid Cap Fund,31.0,11709986.0,4537.39860855,1881.43006462,2655.96854393,242809.17305067,254938.73409616
2025,February,Mid Cap Fund,29.0,20822194.0,6636.62686246001,3229.6807497,3406.94611276,340656.69500112,360862.17974381
2025,February,Small Cap Fund,30.0,24828591.0,7033.57305446001,3311.11126966,3722.46178480001,273877.20754382,293136.32110885
2025,February,Dividend Yield Fund,10.0,1192022.0,367.648783350001,298.99971809,68.6490652600014,28674.16777958,30157.96021681
2025,February,Value Fund/Contra Fund,23.0,8178379.0,2551.05731973,1203.63775077,1347.41956896,171918.92660215,179683.96437703
2025,February,Focused Fund,28.0,5197937.0,2319.13479769,1031.41884183,1287.71595586,135017.5088671,140686.76792019
2025,February,Sectoral/Thematic Funds,212.0,30656958.0,11463.18338951,5751.60694283,5711.57644668,427155.59010881,449050.7305084
2025,February,ELSS,43.0,16975832.0,1837.48082798,1222.77904397,614.701784009998,216623.2493263,227241.5382008
2025,February,Flexi Cap Fund,39.0,17615393.0,7944.77928563001,2840.5612082,5104.21807743001,406429.74539597,422860.01695826
2025,February,Sub Total - II (i+ii+iii+iv+v+vi+vii+viii+ix+x+xi),507.0,162374751.0,54428.96924217002,25125.627425240007,29303.34181693002,2739726.25935834,2877463.35755266
2025,February,Conservative Hybrid Fund,18.0,547628.0,261.06383409,342.52566337,-81.4618292799996,27686.69576711,28055.16430655
2025,February,Balanced Hybrid Fund/Aggressive Hybrid Fund,31.0,5756004.0,2055.94365615,1745.81840738,310.12524877,207879.45211783,215625.33055441
2025,February,Dynamic Asset Allocation/Balanced Advantage Fund,34.0,5139765.0,3334.22476528,2669.81285475,664.411910529998,272448.64407444,280038.24807365
2025,February,Multi Asset Allocation Fund,28.0,2993018.0,3358.67174686,1130.22556489,2228.44618197,102137.71739594,111967.41416552
2025,February,Arbitrage Fund,31.0,589477.0,18131.49011547,14539.16499493,3592.32512054002,200651.39259132,246226.9655611
2025,February,Equity Savings Fund,22.0,477138.0,1319.81385191,1229.81150619,90.0023457200004,41271.90172459,43662.39911326
2025,February,Sub Total - III (i+ii+iii+iv+v+vi),164.0,15503030.0,28461.20796976,21657.35899151,6803.848978250019,852075.80367123,925575.52177449
2025,February,Retirement Fund,29.0,2993032.0,250.2651234,141.23702259,109.02810081,27498.73689261,28642.963447
2025,February,Childrens Fund,12.0,3068204.0,182.16153474,45.00642297,137.15511177,20919.14815205,21669.44928163
2025,February,Sub Total - IV (i+ii),41.0,6061236.0,432.42665814,186.24344556,246.18321258,48417.88504466,50312.41272863
2025,February,Index Funds,298.0,12967242.0,8466.87586228999,4289.85984067,4177.01602161999,268487.59971483,274293.80107268
2025,February,GOLD ETF,19.0,6833014.0,2760.73732965,780.89278743,1979.84454222,55677.24544349,55001.75225849
2025,February,Other ETFs,222.0,19736879.0,19250.51782088,15404.42062623,3846.09719465001,726868.42559963,750412.61026167
2025,February,Fund of funds investing overseas,54.0,1385955.0,588.10157324,342.09721322,246.004360020001,27587.14274347,28404.28052407
2025,February,Sub Total - V (i+ii+iii+iv),593.0,40923090.0,31066.23258605999,20817.27046755,10248.96211851,1078620.4135014198,1108112.44411691
2025,February,Total A-Open ended Schemes,1624.0,231753772.0,1027712.61399751,987635.842601451,40076.7713960593,6426952.0401009,6731490.323142369
2025,February,Fixed Term Plan,81.0,68301.0,71.76940574,0.0,71.76940574,16243.18473622,16169.80464906
2025,February,Capital Protection Oriented Schemes,0.0,0.0,0.0,0.0,0.0,0.0,0.0
2025,February,Infrastructure Debt Fund,4.0,30.0,0.0,0.0,0.0,1105.754156,1102.877894
2025,February,Other Debt Scheme,1.0,193250.0,18.27,41.5700000000001,-23.3,5179.55,5308.39
2025,February,Sub Total (i+ii+iii+iv),86.0,261581.0,90.03940573999999,41.5700000000001,48.46940574,22528.48889222,22581.07254306
2025,February,ELSS,17.0,263250.0,0.0,61.64408516,-61.64408516,3892.08187384,4112.84992881
2025,February,Other Equity Schemes,0.0,0.0,0.0,0.0,0.0,0.0,0.0
2025,February,Sub Total (i+ii),17.0,263250.0,0.0,61.64408516,-61.64408516,3892.08187384,4112.84992881
2025,February,Total B -Close ended Schemes,103.0,524831.0,90.03940573999999,103.21408516000012,-13.174679420000004,26420.57076606,26693.92247187
2025,February,Total C Interval Schemes,12.0,2201.0,0.0001999999999999,0.232100000000003,-0.231900000000003,121.24,121.101
2025,February,Grand Total,1739.0,232280804.0,1027802.65360325,987739.288786611,40063.3648166393,6453493.85086696,6758305.346614239
2026,February,Overnight Fund,37.0,739107.0,620852.8934149,634859.10032516,-14006.20691026,112665.89510124,129717.2656173
2026,February,Liquid Fund,42.0,2616607.0,465477.844904041,406400.4508486,59077.394055441,598920.01863801,622413.14171652
2026,February,Ultra Short Duration Fund,25.0,778455.0,20712.48079753,25086.40842353,-4373.92762600002,127759.88080885,130179.26957476
2026,February,Low Duration Fund,25.0,851082.0,18390.8565738,16062.11073127,2328.74584253001,155468.48252756,152626.35752033
2026,February,Money Market Fund,27.0,530343.0,72589.16417338,66322.6556583201,6266.50851505995,340401.47380524,339011.2050037
2026,February,Short Duration Fund,25.0,569039.0,2456.45862277001,4373.26817229,-1916.80954952,133399.04416862,133295.51742003
2026,February,Medium Duration Fund,13.0,241737.0,387.83614798,458.092664360001,-70.2565163800009,26376.91926461,26281.13836973
2026,February,Medium to Long Duration Fund,13.0,101256.0,28.2147922300001,299.43258761,-271.21779538,11321.51429704,11432.11758154
2026,February,Long Duration Fund,11.0,81398.0,153.209607819999,782.136637080001,-628.927029260001,15671.68312661,15806.6977869
2026,February,Dynamic Bond Fund,22.0,227542.0,214.31769873,765.806269369999,-551.488570639999,34439.09349532,34448.31040578
2026,February,Corporate Bond Fund,21.0,573786.0,1673.77810187,3975.92051263001,-2302.14241076,194780.95596255,194992.93282184
2026,February,Credit Risk Fund,14.0,199856.0,167.72830363,261.91829231,-94.1899886799997,19966.41847906,19934.92402589
2026,February,Banking and PSU Fund,20.0,239763.0,447.09189519,1919.85832381,-1472.76642862,77138.93681465,77708.44193697
2026,February,Gilt Fund,23.0,208248.0,1263.95710399,1272.86277245,-8.9056684599982,37363.21656853,36854.20096474
2026,February,Gilt Fund with 10 year constant duration,5.0,36717.0,350.07921743,275.46039653,74.6188208999999,4988.1517057,4976.54803188
2026,February,Floater Fund,12.0,198069.0,1368.0794356,1312.1970207,55.8824148999993,53026.7335055,52822.78672466
2026,February,Sub Total - I (i+ii+iii+iv+v+vi+vii+viii+ix+x+xi+xii+xiii+xiv+xv+xvi),335.0,8193005.0,1206533.990790891,1164427.6796360202,42106.311154870935,1943688.41826909,1982500.85550257
2026,February,Multi Cap Fund,32.0,11374795.0,4387.92141354,2454.38749466,1933.53391888,221586.09496447,222464.01148812
2026,February,Large Cap Fund,34.0,17074655.0,5537.86924821,3426.19374871,2111.6754995,411231.73730301,415950.81511116
2026,February,Large & Mid Cap Fund,33.0,13582421.0,5841.74824864,2704.01794429,3137.73030435,331893.1014504,332993.58591292
2026,February,Mid Cap Fund,32.0,24460976.0,7854.60804985999,3851.61358478,4002.99446508,462097.66640248,462469.544697
2026,February,Small Cap Fund,34.0,27721310.0,7591.52195978,3710.46422293,3881.05773685,363536.98175698,364961.0653943
2026,February,Dividend Yield Fund,11.0,1202537.0,395.08155954,373.85870037,21.2228591699995,32643.01954515,32788.54569326
2026,February,Value Fund/Contra Fund,25.0,8927937.0,2566.1783259,1839.11237818,727.065947719999,215264.76476065,216730.33144998
2026,February,Focused Fund,28.0,5487816.0,2467.1430643,1566.4257292,900.717335100002,172879.66270767,174581.19074295
2026,February,Sectoral/Thematic Funds,246.0,31953492.0,13094.12896744,10106.8432661,2987.28570134001,529804.20185675,531410.45416687
2026,February,ELSS,41.0,16468213.0,1295.0442957,1945.06904814,-650.024752439997,245351.53695811,248089.14493479
2026,February,Flexi Cap Fund,44.0,22945488.0,11044.8398199,4120.18550955001,6924.65431034999,553187.14038143,557484.96083044
2026,February,Sub Total - II (i+ii+iii+iv+v+vi+vii+viii+ix+x+xi),560.0,181199640.0,62076.08495280998,36098.171626910014,25977.9133259,3539475.9080871,3559923.65042179
2026,February,Conservative Hybrid Fund,18.0,579547.0,369.64113142,437.50883858,-67.8677071600005,29737.15769212,29744.41180982
2026,February,Balanced Hybrid Fund/Aggressive Hybrid Fund,31.0,6219899.0,3464.7081994,2045.50026908,1419.20793032,252393.85970384,254563.7875616
2026,February,Dynamic Asset Allocation/Balanced Advantage Fund,36.0,5670757.0,4745.21078564,3223.63977797,1521.57100766999,323655.44092959,325355.66783123
2026,February,Multi Asset Allocation Fund,33.0,4908663.0,10151.08691955,1674.83111466,8476.25580489001,183245.91081092,196730.60644971
2026,February,Arbitrage Fund,36.0,783210.0,20387.379805,19795.53132348,591.848481519963,273568.7273762,333631.83441963
2026,February,Equity Savings Fund,24.0,526295.0,1748.1517134,1705.79266455,42.3590488499995,50498.04753499,55250.27162178
2026,February,Sub Total - III (i+ii+iii+iv+v+vi),178.0,18688371.0,40866.17855441,28882.803988320004,11983.374566089962,1113099.1440476598,1195276.57969377
2026,February,Retirement Fund,29.0,3055597.0,293.78622218,275.41608913,18.3701330499996,32229.11399135,32619.67499676
2026,February,Childrens Fund,12.0,3229968.0,285.08460974,56.3511418200001,228.73346792,25434.38080021,25557.8117735
2026,February,Sub Total - IV (i+ii),41.0,6285565.0,578.87083192,331.7672309500001,247.1036009699996,57663.494791560006,58177.48677026
2026,February,Index Funds,356.0,14780965.0,10331.99240117,7098.55680127,3233.43559990001,324567.30240034,325079.04855401
2026,February,GOLD ETF,25.0,12089782.0,7755.19200791999,2500.23790165,5254.95410626999,183325.42977655,177591.04902517
2026,February,Other ETFs,296.0,27120892.0,25137.3275288,20650.17901056,4487.14851824002,976208.42512089,980273.32930154
2026,February,Fund of funds investing overseas,52.0,1727097.0,1412.53856709,508.76545215,903.773114940001,39595.60863712,38666.72400056
2026,February,Sub Total - V (i+ii+iii+iv),729.0,55718736.0,44637.05050497999,30757.73916563,13879.311339350024,1523696.7659349,1521610.1508812802
2026,February,Total A-Open ended Schemes,1843.0,270085317.0,1354692.175635011,1260498.1616478304,94194.01398718092,8177623.73113031,8317488.72326967
2026,February,Fixed Term Plan,72.0,56636.0,378.303881,0.0,378.303881,15215.48009179,14868.38552327
2026,February,Capital Protection Oriented Schemes,0.0,0.0,0.0,0.0,0.0,0.0,0.0
2026,February,Infrastructure Debt Fund,3.0,19.0,0.0,0.0,0.0,913.7354179,910.8403786
2026,February,Other Debt Scheme,1.0,177809.0,14.99,44.27,-29.28,5019.12,5088.88
2026,February,Sub Total (i+ii+iii+iv),76.0,234464.0,393.293881,44.27,349.023881,21148.33550969,20868.10590187
2026,February,ELSS,15.0,250763.0,0.0,12.83644734,-12.83644734,4153.95103196,4220.39956638
2026,February,Other Equity Schemes,0.0,0.0,0.0,0.0,0.0,0.0,0.0
2026,February,Sub Total (i+ii),15.0,250763.0,0.0,12.83644734,-12.83644734,4153.95103196,4220.39956638
2026,February,Total B -Close ended Schemes,91.0,485227.0,393.293881,57.10644734,336.18743365999995,25302.28654165,25088.50546825
2026,February,Total C Interval Schemes,3.0,911.0,0.0,0.200499999999998,-0.200499999999998,30.3325,39.3426
2026,February,Grand Total,1937.0,270571455.0,1355085.469516011,1260555.4685951704,94530.00092084092,8202956.35017196,8342616.571337921
2020,January,Overnight Fund,30.0,46763.0,526475.9486449917,503823.54925037385,22652.39939461788,54578.73208075396,52524.982562220655
2020,January,Liquid Fund,40.0,1779897.0,490171.90435711294,430489.61107994616,59682.293277166784,485061.7600952907,516038.894889257
2020,January,Ultra Short Duration Fund,29.0,923362.0,25319.359339890216,17166.612486981554,8152.746852908662,100503.48431711015,100317.43341607468
2020,January,Low Duration Fund,26.0,1117109.0,16044.580270514009,10482.48778217184,5562.0924883421685,97526.77706011332,97460.60046924744
2020,January,Money Market Fund,19.0,358980.0,28691.631707785607,21701.986352037,6989.645355748609,81256.1537730786,81955.82948899252
2020,January,Short Duration Fund,28.0,500225.0,6124.491804880243,3220.8641228655106,2903.6276820147323,99389.36506019231,98418.88116447291
2020,January,Medium Duration Fund,16.0,266169.0,659.147482066106,912.066954733,-252.91947266689385,30439.71425955893,30554.9613032706
2020,January,Medium to Long Duration Fund,13.0,108334.0,63.42684990731596,150.48731862969453,-87.06046872237857,9835.796206137087,9847.509147941708
2020,January,Long Duration Fund,2.0,25452.0,22.758677724269944,24.71239601099998,-1.953718286730037,1471.0816962138367,1463.681954450199
2020,January,Dynamic Bond Fund,28.0,269892.0,472.4844528875401,556.2255611029987,-83.74110821545855,18638.15609206952,18749.793802617856
2020,January,Corporate Bond Fund,20.0,359308.0,3981.8342198059618,2012.5158030129933,1969.3184167929685,81488.4973522028,80433.26196898939
2020,January,Credit Risk Fund,21.0,574494.0,783.9134222286448,1998.615286445005,-1214.7018642163605,61611.44084103955,62153.99071844167
2020,January,Banking and PSU Fund,19.0,162159.0,4699.5968425198735,1666.66449929378,3032.932343226093,74561.88851520278,73010.95314036614
2020,January,Gilt Fund,21.0,100830.0,355.2846580096798,867.9103550866507,-512.6256970769709,8416.804201764917,8582.515024197035
2020,January,Gilt Fund with 10 year constant duration,4.0,30997.0,47.48813911000002,30.80623508000002,16.68190403,784.1661302307225,780.0910971026094
2020,January,Floater Fund,7.0,164375.0,6044.784585230598,5547.906418450995,496.8781667796029,36173.32958898885,36721.93868785193
2020,January,Sub Total - I (1+2+3+4+5+6+7+8+9+10+11+12+13+14+15+16),323.0,6788346.0,1109958.6354546645,1000653.021902222,109305.6135524427,1241737.1472699482,1269015.318835494
2020,January,Multi Cap Fund,35.0,9032263.0,4203.430252286747,2481.136257496284,1722.293994790463,155925.1171990564,155669.5725588583
2020,January,Large Cap Fund,30.0,9679200.0,3883.175996516744,2729.1807140289275,1153.9952824878164,154135.1234305228,156102.70577322814
2020,January,Large & Mid Cap Fund,27.0,4633824.0,1834.194300501933,1141.745795157889,692.448505344044,58771.70456785028,58326.02609355038
2020,January,Mid Cap Fund,26.0,6350812.0,3290.8690876669825,1492.7093175132486,1798.159770153734,91197.40720311356,88523.16515816594
2020,January,Small Cap Fund,21.0,5032844.0,2093.8924708009945,1021.20908627859,1072.6833845224046,52481.60887871694,51161.22946297005
2020,January,Dividend Yield Fund,6.0,475387.0,22.546850463999988,86.30764322699997,-63.76079276299998,4415.609351087785,4498.956201650316
2020,January,Value Fund/Contra Fund,18.0,4184889.0,812.7966225489981,1551.8769778943642,-739.0803553453661,55674.97905520712,56478.56118177302
2020,January,Focused Fund,22.0,3395744.0,2165.9900437339984,860.8507874033057,1305.139256330693,50209.24913503086,49529.07312005134
2020,January,Sectoral/Thematic Funds,99.0,6438371.0,1723.8300142735188,1720.0344976812976,3.7955165922212473,65598.66250547404,65727.4765498082
2020,January,ELSS,44.0,12074850.0,1889.965369600548,958.2409287978136,931.7244408027344,101228.0619944058,101540.8509645806
2020,January,Sub Total - II (17+18+19+20+21+22+23+24+25+26),328.0,61298184.0,21920.69100839446,14043.29200547872,7877.399002915745,789637.5233204656,787557.6170646361
2020,January,Conservative Hybrid Fund,21.0,395884.0,95.99851696712244,421.3614269911259,-325.36291002400344,12732.014031713195,12969.302447116625
2020,January,Balanced Hybrid Fund/Aggressive Hybrid Fund,33.0,5286230.0,2659.537760817678,3919.5357827632906,-1259.998021945612,133639.72168438102,135885.8712910073
2020,January,Dynamic Asset Allocation/Balanced Advantage,22.0,2598167.0,3211.946794633637,1911.3041591504589,1300.6426354831783,98056.08054991072,98990.26317095252
2020,January,Multi Asset Allocation,7.0,612841.0,537.0947461809997,277.2115891848389,259.8831569961608,13304.523882787442,13534.192280534391
2020,January,Arbitrage Fund,24.0,298442.0,5838.658077694374,4138.638561306667,1700.019516387707,85460.03605166686,85980.63509646183
2020,January,Equity Savings,23.0,339436.0,159.19967277131173,574.8654868715721,-415.6658141002604,14278.193042392437,14676.807871175984
2020,January,Sub Total - III (27+28+29+30+31+32),130.0,9531000.0,12502.435569065125,11242.917006267951,1259.5185627971705,357470.56924285163,362037.0721572487
2020,January,Retirement Fund,24.0,2542988.0,240.57848292699964,152.259116393,88.31936653399964,10425.281756368344,10439.314531066884
2020,January,Childrens Fund,9.0,2892610.0,70.43521589059287,42.13044184771417,28.304774042878705,8748.402258708677,8749.052813485716
2020,January,Sub Total - IV (33+34),33.0,5435598.0,311.0136988175925,194.38955824071417,116.62414057687836,19173.684015077022,19188.3673445526
2020,January,Index Funds,32.0,454684.0,628.3055999023827,481.4785352463041,146.82706465607862,7944.453674614031,8081.573672592467
2020,January,GOLD ETF,11.0,461302.0,226.19272088999992,24.054543421898984,202.1381774681009,6207.000449823685,5938.756437500026
2020,January,Other ETFs,76.0,1620693.0,5796.798789428998,3924.068441380012,1872.7303480489863,175309.33455179358,178595.6455862025
2020,January,Fund of funds investing overseas,29.0,163213.0,168.9802712610001,45.50822200700003,123.47204925400008,2815.5895239339734,2741.763095076327
2020,January,Sub Total - V (35+36+37+38),148.0,2699892.0,6820.27738148238,4475.109742055215,2345.167639427166,192276.3782001653,195357.7387913713
2020,January,Total A-Open ended Schemes,962.0,85753020.0,1151513.053112424,1030608.7302142648,120904.32289815963,2600295.302048508,2633156.1141933026
2020,January,Fixed Term Plan,739.0,854887.0,162.07769850799968,503.5428408909975,-341.4651423829978,139514.33097487758,139147.1307946358
2020,January,Capital Protection Oriented Schemes ,30.0,118305.0,0.0,34.38732685900368,-34.38732685900368,4720.0230834154345,4729.16774353713
2020,January,Infrastructure Debt Fund,9.0,89.0,0.0,0.0,0.0,2411.290988696397,2406.2138316440005
2020,January,Other Debt,33.0,83390.0,0.0,48.15722852499994,-48.15722852499994,3518.005699394999,3708.7824972557273
2020,January,Sub Total (i+ii+iii+iv),811.0,1056671.0,162.07769850799968,586.0873962750011,-424.0096977670014,150163.6507463844,149991.29486707266
2020,January,ELSS,25.0,474309.0,0.0,28.302253718999964,-28.302253718999964,4409.107024236833,4412.480394436708
2020,January,Others,91.0,1245179.0,0.0,301.31535773300016,-301.31535773300016,29403.898288778662,29724.33775254892
2020,January,Sub Total (i+ii),116.0,1719488.0,0.0,329.6176114520001,-329.6176114520001,33813.0053130155,34136.81814698562
2020,January,Total B -Close ended Schemes,927.0,2776159.0,162.07769850799968,915.7050077270012,-753.6273092190015,183976.6560593999,184128.11301405827
2020,January,Total C Interval Schemes,23.0,3974.0,0.02,2.188726031000101,-2.17,1531.7121336343937,1529.5448835459172
2020,January,Grand Total (A + B + C),1912.0,88533153.0,1151675.150810932,1031526.6239480228,120148.52558894064,2785803.670241542,2818813.7720909067
2021,January,Overnight Fund,30.0,119101.0,246162.7026422,245492.5873247,670.115317499993,65996.69851289,84959.21853179
2021,January,Liquid Fund,38.0,2202369.0,232868.38463072,278184.07717908,-45315.69254836,337311.46580657,381854.17900766
2021,January,Ultra Short Duration Fund,29.0,781845.0,20705.74169754,20154.13392988,551.60776766,100909.10492351,103669.33909622
2021,January,Low Duration Fund,26.0,1234822.0,24023.688027,32064.4562241,-8040.7681971,142318.34652527,145648.6712081
2021,January,Money Market Fund,20.0,471544.0,21301.89685355,22345.26418708,-1043.36733353,86527.90788246,90416.00784117
2021,January,Short Duration Fund,26.0,708955.0,14130.44775221,7237.81716207,6892.63059014,164590.56823853,164644.6997381
2021,January,Medium Duration Fund,17.0,293185.0,2381.29374118,539.5417706,1841.75197058,31228.25729946,30539.34035828
2021,January,Medium to Long Duration Fund,13.0,125993.0,244.44095356,646.97942614,-402.53847258,11807.15361572,12011.6015341
2021,January,Long Duration Fund,2.0,30991.0,34.5333,56.6965,-22.1632,2569.6433,2569.6515
2021,January,Dynamic Bond Fund,26.0,291870.0,1374.25967328,589.11079786,785.14887542,27543.82365285,27274.98322932
2021,January,Corporate Bond Fund,20.0,707062.0,13610.21030449,8181.70428291,5428.50602158,164006.5020523,165402.65078911
2021,January,Credit Risk Fund,18.0,332923.0,874.31018433,507.87012171,366.44006262,28967.10520102,28756.35459931
2021,January,Banking and PSU Fund,22.0,399446.0,9473.37781,7733.26217014,1740.11563986,127518.89833468,129212.02698061
2021,January,Gilt Fund,21.0,227141.0,790.80563489,831.42582324,-40.62018835,18532.45219648,18502.28273944
2021,January,Gilt Fund with 10 year constant duration,4.0,61477.0,119.3533998,67.758114,51.5952858,1650.4946197,1637.8021357
2021,January,Floater Fund,8.0,240677.0,7189.17414078,4060.69462876,3128.47951202,62638.32197851,61978.39353143
2021,January,Sub Total - I (i+ii+iii+iv+v+vi+vii+viii+ix+x+xi+xii+xiii+xiv+xv+xvi),320.0,8229401.0,595284.6207455298,628693.3796422697,-33408.75889674001,1374116.7441399496,1449077.2028203402
2021,January,Multi Cap Fund  $$,19.0,5375283.0,-10352.67276983,-13210.57412444,2857.90135461,87826.70157319,92144.71236494
2021,January,Large Cap Fund,32.0,10376428.0,3513.96376809,6367.39771564,-2853.43394755,166019.80610017,174416.72043697
2021,January,Large & Mid Cap Fund,28.0,4883422.0,1992.70303866,2180.13435965,-187.43132099,68648.73195871,70947.40275602
2021,January,Mid Cap Fund,26.0,6467362.0,2503.72180562,3710.05662436,-1206.33481874,102869.20272994,106640.76739043
2021,January,Small Cap Fund,24.0,4972903.0,1452.3741713,3024.73233286,-1572.35816156,61157.86625849,63386.07872301
2021,January,Dividend Yield Fund,7.0,504013.0,146.75470538,146.53849238,0.216212999999982,6197.4144486,6431.8778557
2021,January,Value Fund/Contra Fund,18.0,3786224.0,789.03816015,2428.66325966,-1639.62509951,57397.37473544,60102.73551981
2021,January,Focused Fund,25.0,3801726.0,1656.82038235,2141.46169182,-484.64130947,62154.94188446,64857.52141228
2021,January,Sectoral/Thematic Funds,105.0,7692383.0,7412.25728209,4826.01559799,2586.2416841,89007.39976785,90312.16039651
2021,January,ELSS,42.0,12369006.0,1566.90670221,2386.99222932,-820.08552711,114506.30898222,119814.16268341
2021,January,Flexi Cap Fund,16.0,4195334.0,13448.56365914,19382.23097636,-5933.66731722,75613.6614976,78461.8488007
2021,January,Sub Total - II (i+ii+iii+iv+v+vi+vii+viii+ix+x+xi),342.0,64424084.0,24130.43090516,33383.6491556,-9253.21825044,891399.4099366701,927515.98833978
2021,January,Conservative Hybrid Fund,21.0,377612.0,364.38179438,293.01169009,71.37010429,12213.02012444,12286.13073974
2021,January,Balanced Hybrid Fund/Aggressive Hybrid Fund,34.0,4778841.0,1692.81915165,5070.22028867,-3377.40113702,116666.88080324,122067.15659331
2021,January,Dynamic Asset Allocation/Balanced Advantage Fund,23.0,2710511.0,3688.5342282,3030.16661033,658.36761787,97981.35960555,100992.68362696
2021,January,Multi Asset Allocation Fund,10.0,713401.0,415.4177427,644.2621585,-228.8444158,13698.38877223,14876.35855877
2021,January,Arbitrage Fund,27.0,416786.0,8305.46773068,3070.6035965,5234.86413418,67054.9177023,70927.03312763
2021,January,Equity Savings Fund,23.0,288987.0,269.88480778,486.5142462,-216.62943842,9628.99197435,10094.59118181
2021,January,Sub Total - III (i+ii+iii+iv+v+vi),138.0,9286138.0,14736.50545539,12594.77859029,2141.7268651000004,317243.55898211,331243.95382822
2021,January,Retirement Fund,21.0,2544208.0,173.039204,178.080204,-5.041,11806.714981,12117.904066
2021,January,Childrens Fund,10.0,2887000.0,62.67165824,53.75914141,8.91251683,10245.27842483,10484.63750442
2021,January,Sub Total - IV (i+ii),31.0,5431208.0,235.71086224,231.83934541,3.871516829999999,22051.99340583,22602.54157042
2021,January,Index Funds,37.0,868220.0,1268.32043699,814.59263873,453.72779826,15359.01595375,15787.29412483
2021,January,GOLD ETF,11.0,973036.0,665.93628631,41.067336,624.86895031,14480.85502259,14334.17583171
2021,January,Other ETFs,89.0,3632175.0,10025.9426647,3892.6283862,6133.3142785,256771.74145002,264042.16265523
2021,January,Fund of funds investing overseas,31.0,559695.0,938.72671078,183.81689159,754.90981919,9846.95959356,9580.63936415
2021,January,Sub Total - V (i+ii+iii+iv),168.0,6033126.0,12898.92609878,4932.105252519999,7966.82084626,296458.57201992004,303744.27197591995
2021,January,Total A-Open ended Schemes,999.0,93403957.0,647286.1940670998,679835.7519860896,-32549.55791899001,2901270.27848448,3034183.9585346803
2021,January,Fixed Term Plan,582.0,521576.0,0.0,0.1251422,-0.1251422,119169.35604464,119080.40884891
2021,January,Capital Protection Oriented Schemes,22.0,59830.0,0.0,0.0,0.0,2655.5872331,2672.2797878
2021,January,Infrastructure Debt Fund,9.0,89.0,0.0,0.0,0.0,2300.015919,2296.305545
2021,January,Other Debt Scheme,8.0,17980.0,0.0,93.6,-93.6,698.4742,755.6414
2021,January,Sub Total (i+ii+iii+iv),621.0,599475.0,0.0,93.7251422,-93.7251422,124823.43339674,124804.63558170998
2021,January,ELSS,25.0,445254.0,0.0,115.63727259,-115.63727259,4521.9283839,4741.0593227
2021,January,Other Equity Schemes,60.0,736143.0,1e-05,2825.3185,-2825.31849,19135.3704689,20220.07834763
2021,January,Sub Total (i+ii),85.0,1181397.0,1e-05,2940.95577259,-2940.95576259,23657.2988528,24961.13767033
2021,January,Total B -Close ended Schemes,706.0,1780872.0,1e-05,3034.68091479,-3034.68090479,148480.73224954,149765.77325203997
2021,January,Total C Interval Schemes,23.0,3539.0,0.5718,2.9374,-2.3656,379.03,379.2686
2021,January,Grand Total,1728.0,95188368.0,647286.7658770998,682873.3703008797,-35586.60442378001,3050130.04073402,3184329.0003867205
2022,January,Overnight Fund,31.0,510759.0,385699.36288023,366341.81129044,19357.55158979,114032.30673098,111949.03622297
2022,January,Liquid Fund,38.0,1802028.0,240703.19136314,255101.104271,-14397.91290786,347955.3464484,389150.39811084
2022,January,Ultra Short Duration Fund,27.0,629207.0,16366.59934995,13397.22832418,2969.37102577,91471.78834376,92095.00445136
2022,January,Low Duration Fund,23.0,1091088.0,19691.46443352,21654.94339262,-1963.4789591,125955.55596682,129829.33093753
2022,January,Money Market Fund,20.0,427920.0,27384.40989077,22665.81480129,4718.59508948,119521.24639862,120054.70149723
2022,January,Short Duration Fund,26.0,594922.0,4531.50477297,7420.12605325,-2888.62128028,136221.96974657,138446.05440545
2022,January,Medium Duration Fund,16.0,288806.0,244.09006475,991.98292416,-747.89285941,34696.98511346,35000.71938941
2022,January,Medium to Long Duration Fund,13.0,117657.0,544.69098563,572.03425349,-27.34326786,13966.2250356,14105.6686927
2022,January,Long Duration Fund,2.0,25061.0,34.6063,31.3214,3.2849,2556.1134,2571.7691
2022,January,Dynamic Bond Fund,26.0,240279.0,264.14954556,742.03746818,-477.88792262,27802.01400366,28128.37003146
2022,January,Corporate Bond Fund,21.0,679222.0,4710.3371717,5646.06632899,-935.72915729,151204.31723842,150972.50442249
2022,January,Credit Risk Fund,15.0,275874.0,369.11850573,566.32502097,-197.20651524,28281.3544672,28414.37728298
2022,January,Banking and PSU Fund,22.0,342606.0,4081.32648938,6618.54452239,-2537.21803301,104416.8203151,105285.796213
2022,January,Gilt Fund,21.0,182627.0,663.40019601,995.4030784,-332.00288239,16114.73975171,16400.00093505
2022,January,Gilt Fund with 10 year constant duration,4.0,46480.0,27.2583284,74.6960921,-47.4377637,1349.7922439,1377.9133999
2022,January,Floater Fund,12.0,274724.0,10804.31765697,8212.77729288,2591.54036409,97798.2725125,98448.1167024
2022,January,Sub Total - I (i+ii+iii+iv+v+vi+vii+viii+ix+x+xi+xii+xiii+xiv+xv+xvi),317.0,7529260.0,716119.8279347098,711032.2165143399,5087.61142037,1413344.8477167,1462229.76179477
2022,January,Multi Cap Fund,14.0,2567227.0,1395.64682607,504.22348727,891.4233388,44515.6439061,43974.071362
2022,January,Large Cap Fund,32.0,12156461.0,4515.42560542,2625.18984957,1890.23575585,222736.6170664,226357.78463679
2022,January,Large & Mid Cap Fund,27.0,6393977.0,2877.30004333,1154.64595947,1722.65408386,106993.6658592,107420.0497713
2022,January,Mid Cap Fund,27.0,8356221.0,3527.95755302,1757.9397446,1770.01780842,158940.86150153,160754.77862046
2022,January,Small Cap Fund,24.0,7364508.0,3163.62302531,1665.14756178,1498.47546353,106373.6432179,107827.4744495
2022,January,Dividend Yield Fund,8.0,556184.0,172.12787623,111.98497467,60.14290156,9593.082677,9728.227568
2022,January,Value Fund/Contra Fund,22.0,3957921.0,1218.82745055,1382.24146899,-163.41401844,78514.3927314,79036.6221588
2022,January,Focused Fund,26.0,4845840.0,2909.19107736,1095.75833766,1813.4327397,94529.7851495,96392.2683513
2022,January,Sectoral/Thematic Funds,116.0,11437336.0,5758.88115013,3685.96882563,2072.9123245,146129.46849209,147828.61330245
2022,January,ELSS,40.0,13348560.0,2290.61994413,1485.88985397,804.73009016,146927.66230464,150683.09755167
2022,January,Flexi Cap Fund,29.0,11291488.0,5404.61427843,2877.45622933,2527.1580491,222709.6855661,226103.482515
2022,January,Sub Total - II (i+ii+iii+iv+v+vi+vii+viii+ix+x+xi),365.0,82275723.0,33234.21482998,18346.44629294,14887.768537039998,1337964.50847186,1356106.47028727
2022,January,Conservative Hybrid Fund,21.0,496665.0,1276.58096582,470.91950915,805.66145667,20781.4679308,20399.35642763
2022,January,Balanced Hybrid Fund/Aggressive Hybrid Fund,33.0,5008192.0,3383.56056666,1843.75944389,1539.80112277,146836.02137261,147809.6111667
2022,January,Dynamic Asset Allocation/Balanced Advantage Fund,26.0,4118163.0,5153.82880349,2390.88178666,2762.94701683,173958.67683442,174985.91008274
2022,January,Multi Asset Allocation Fund,10.0,777800.0,499.65094811,304.79715927,194.85378884,19276.13210502,20032.19351045
2022,January,Arbitrage Fund,25.0,508149.0,7092.61985326,6137.64291259,954.97694067,101757.62168762,115463.75303088
2022,January,Equity Savings Fund,22.0,345178.0,955.30523358,983.75793179,-28.45269821,16242.6850001,17002.5804848
2022,January,Sub Total - III (i+ii+iii+iv+v+vi),137.0,11254147.0,18361.54637092,12131.75874335,6229.787627569999,478852.60493057,495693.4047032
2022,January,Retirement Fund,25.0,2673825.0,213.29897978,113.89950105,99.39947873,16415.7029822,16626.0856802
2022,January,Childrens Fund,10.0,2888864.0,103.54111327,45.00754429,58.53356898,13156.6134813,13270.8004939
2022,January,Sub Total - IV (i+ii),35.0,5562689.0,316.84009305,158.90704534,157.93304770999998,29572.3164635,29896.8861741
2022,January,Index Funds,68.0,2216086.0,5984.18075566,1069.75248656,4914.4282691,49906.11050945,47510.55769142
2022,January,GOLD ETF,11.0,3464739.0,166.01885039,617.71307446,-451.69422407,17839.88726546,18183.61465195
2022,January,Other ETFs,117.0,8939164.0,12821.2609272,8812.23344175,4009.02748545,390349.74650724,393879.83379317
2022,January,Fund of funds investing overseas,41.0,1182926.0,804.27516185,415.06660623,389.20855562,22127.60150257,22698.77555699
2022,January,Sub Total - V (i+ii+iii+iv),237.0,15802915.0,19775.7356951,10914.765609000002,8860.9700861,480223.34578472,482272.78169353
2022,January,Total A-Open ended Schemes,1091.0,122424734.0,787808.16492376,752584.0942049699,35224.07071879,3739957.6233673496,3826199.3046528697
2022,January,Fixed Term Plan,288.0,187638.0,227.101351,0.0,227.10135063,47925.31121083,47744.73502995
2022,January,Capital Protection Oriented Schemes,13.0,30733.0,0.0,0.0,0.0,1614.3002005,1617.3794192
2022,January,Infrastructure Debt Fund,8.0,80.0,0.0,0.0,0.0,1940.936336,1935.217576
2022,January,Other Debt Scheme,1.0,717.0,0.0,0.0,0.0,60.76,61.06
2022,January,Sub Total (i+ii+iii+iv),310.0,219168.0,227.101351,0.0,227.10135063,51541.30774733,51358.39202515
2022,January,ELSS,20.0,317426.0,0.0,36.42829898,-36.42829898,3855.4450534,3952.6797622
2022,January,Other Equity Schemes,19.0,137246.0,0.0,298.98628698,-298.99043248,5384.770569,6578.2805356
2022,January,Sub Total (i+ii),39.0,454672.0,0.0,335.41458596,-335.41873146,9240.2156224,10530.9602978
2022,January,Total B -Close ended Schemes,349.0,673840.0,227.101351,335.41458596,-108.31738083,60781.52336973,61889.35232295
2022,January,Total C Interval Schemes,21.0,3099.0,136.5286,0.6112,135.9174,470.4819,482.1335
2022,January,Grand Total,1461.0,123101673.0,788171.79487476,752920.11999093,35251.67073796,3801209.62863708,3888570.79047582
2023,January,Overnight Fund,32.0,623131.0,401691.2033539,405379.10162923,-3687.89827533066,99542.4745804,115085.4272094
2023,January,Liquid Fund,36.0,1781851.0,338073.43026917,343115.10927959,-5041.67901041964,395699.87475662,457973.24990797
2023,January,Ultra Short Duration Fund,25.0,644605.0,13773.26052218,12008.12192556,1765.13859662,90803.70486374,91696.18723717
2023,January,Low Duration Fund,21.0,964472.0,5625.46885983,6401.21104856,-775.742188730001,93644.91168143,94340.51932101
2023,January,Money Market Fund,22.0,428094.0,27001.96344758,20541.97432104,6459.98912654002,118387.77243153,117967.80305826
2023,January,Short Duration Fund,25.0,511060.0,1989.47287758,5848.20603695,-3858.73315936999,90304.90617362,93259.23758304
2023,January,Medium Duration Fund,15.0,253176.0,424.34786173,500.652633469999,-76.3047717399995,26112.38761447,26097.870587
2023,January,Medium to Long Duration Fund,12.0,106677.0,65.14274468,71.89493247,-6.75218778999999,8850.88350248,8849.54195746
2023,January,Long Duration Fund,6.0,39497.0,269.53312207,29.19685624,240.33626583,3718.67839142,3580.46272461
2023,January,Dynamic Bond Fund,22.0,219116.0,547.9145245,494.73678395,53.1777405499997,22832.70150085,22677.53549668
2023,January,Corporate Bond Fund,21.0,611046.0,3151.10521891,5484.54096584,-2333.43574693,113809.54104563,116184.65602886
2023,January,Credit Risk Fund,15.0,249244.0,273.31539844,722.58201072,-449.266612279999,25018.15602036,25289.59087497
2023,January,Banking and PSU Fund,23.0,300675.0,1442.39458329,2615.29641812,-1172.90183483,73408.70600073,74609.55004443
2023,January,Gilt Fund,22.0,170646.0,400.76693881,457.66811256,-56.90117375,16329.91319047,16423.90790833
2023,January,Gilt Fund with 10 year constant duration,5.0,41972.0,84.3561063499999,21.9507601800001,62.4053461699998,1660.63536599,1615.89389077
2023,January,Floater Fund,12.0,243940.0,2309.08105372,3746.66365249,-1437.58259877,57660.85926057,58285.62387256
2023,January,Sub Total - I (i+ii+iii+iv+v+vi+vii+viii+ix+x+xi+xii+xiii+xiv+xv+xvi),314.0,7189202.0,797122.7568827402,807438.9073669701,-10316.150484230271,1237786.10638031,1323937.05770252
2023,January,Multi Cap Fund,17.0,3922006.0,2713.74832742,940.72465555,1773.02367187,66099.73893722,65572.4315082
2023,January,Large Cap Fund,31.0,12945224.0,3296.24226014,2580.26057918,715.981680959998,238101.30788881,241392.09020059
2023,January,Large & Mid Cap Fund,26.0,7675827.0,3077.54636519,1175.55486712,1901.99149807,126580.52929392,127375.54226883
2023,January,Mid Cap Fund,29.0,10369025.0,3563.13058607,1935.07038758,1628.06019848999,183062.72162993,183816.94481733
2023,January,Small Cap Fund,24.0,10430356.0,3491.34894553,1235.49455187,2255.85439366,130890.11509156,130535.39021168
2023,January,Dividend Yield Fund,8.0,594130.0,123.0047694,120.82595656,2.17881283999986,10251.97599852,10280.23742368
2023,January,Value Fund/Contra Fund,22.0,4535765.0,1477.97687293,714.68609623,763.2907767,90344.89825436,90825.99543764
2023,January,Focused Fund,26.0,5322806.0,1704.29205667,1520.97943737,183.312619299999,100330.57683024,101855.15270116
2023,January,Sectoral/Thematic Funds,123.0,12994142.0,3678.73759122,2775.54913732,903.188453899998,167665.77067721,168481.98159609
2023,January,ELSS,42.0,14830370.0,2739.16200794,1325.16118681,1414.00082113,151166.640001,153294.46586017
2023,January,Flexi Cap Fund,33.0,12587368.0,3567.88758463,2562.26449371,1005.62309092,241786.88003773,244240.64367725
2023,January,Sub Total - II (i+ii+iii+iv+v+vi+vii+viii+ix+x+xi),381.0,96207019.0,29433.07736714,16886.5713493,12546.506017839984,1506281.1546405,1517670.87570262
2023,January,Conservative Hybrid Fund,20.0,519088.0,539.11913938,428.95303363,110.16610575,22839.84119721,22929.89334034
2023,January,Balanced Hybrid Fund/Aggressive Hybrid Fund,31.0,5306549.0,2350.53954438,1896.42445319,454.11509119,155605.85532761,157862.52577516
2023,January,Dynamic Asset Allocation/Balanced Advantage Fund,27.0,4433648.0,3063.46424874,3281.28931968,-217.825070939998,192687.82077097,195241.44893018
2023,January,Multi Asset Allocation Fund,11.0,1005254.0,2489.82570985,308.13286783,2181.69284202,25933.9946443,25537.3068124
2023,January,Arbitrage Fund,26.0,462351.0,7298.17006515,5243.58336444999,2054.58670070001,76803.13823041,89624.45374691
2023,January,Equity Savings Fund,22.0,363281.0,451.80557095,542.57390406,-90.7683331099997,16748.80469429,17482.98697652
2023,January,Sub Total - III (i+ii+iii+iv+v+vi),137.0,12090171.0,16192.92427845,11700.95694283999,4491.967335610012,490619.45486479,508678.61558151
2023,January,Retirement Fund,26.0,2747498.0,240.61435647,122.35984492,118.25451155,17790.55702388,17941.67318
2023,January,Childrens Fund,10.0,2920516.0,119.4129548,48.25346794,71.15948686,14155.1595322,14211.4554553
2023,January,Sub Total - IV (i+ii),36.0,5668014.0,360.02731127,170.61331286,189.41399841,31945.71655608,32153.128635300003
2023,January,Index Funds,152.0,3389328.0,7803.65433079,1990.49358273,5813.16074806,133772.44685185,131555.85798309
2023,January,GOLD ETF,11.0,4673999.0,260.82801136,460.26203079,-199.43401943,21835.91612864,21842.38330048
2023,January,Other ETFs,152.0,11854687.0,14960.48678889,16669.446534,-1708.95974510999,487067.47784498,492481.71140415
2023,January,Fund of funds investing overseas,49.0,1257035.0,579.2990887,529.47386294,49.8252257599997,22137.95108803,21388.07287378
2023,January,Sub Total - V (i+ii+iii+iv),364.0,21175049.0,23604.268219740003,19649.67601046,3954.592209280009,664813.7919135,667268.0255615001
2023,January,Total A-Open ended Schemes,1232.0,142329455.0,866713.0540593402,855846.7249824301,10866.329076909737,3931446.2243551807,4049707.70318345
2023,January,Fixed Term Plan,102.0,130855.0,851.131061,97.4599999999991,753.671061000001,20854.59273588,20394.04002921
2023,January,Capital Protection Oriented Schemes,7.0,12654.0,0.0,0.0,0.0,637.1041422,639.6627869
2023,January,Infrastructure Debt Fund,7.0,52.0,0.0,170.582461,-170.582461,1956.9044802,1952.3960722
2023,January,Other Debt Scheme,0.0,0.0,0.0,0.0,0.0,0.0,0.0
2023,January,Sub Total (i+ii+iii+iv),116.0,143561.0,851.131061,268.0424609999991,583.0886000000011,23448.60135828,22986.09888831
2023,January,ELSS,19.0,300193.0,0.0,23.49940605,-23.49940605,3517.2220994,3573.2430482
2023,January,Other Equity Schemes,11.0,67549.0,0.0,51.4205999999999,-51.4205999999999,3153.7401428,3185.5571443
2023,January,Sub Total (i+ii),30.0,367742.0,0.0,74.9200060499999,-74.9200060499999,6670.962242199999,6758.8001925
2023,January,Total B -Close ended Schemes,146.0,511303.0,851.131061,342.96246704999896,508.1685939500012,30119.56360048,29744.89908081
2023,January,Total C Interval Schemes,12.0,2884.0,0.310400000000072,1.60130000000004,-1.29089999999997,839.7271,858.0018
2023,January,Grand Total,1390.0,142843642.0,867564.4955203402,856191.28874948,11373.20677085974,3962405.5150556606,4080310.60406426
2024,January,Overnight Fund,35.0,860396.0,457249.09374019,448254.02130728,8995.07243291009,84592.68037672,100876.37575415
2024,January,Liquid Fund,36.0,1784696.0,377822.10758025,328354.43486813,49467.6727121202,430866.23988708,472113.94995005
2024,January,Ultra Short Duration Fund,24.0,639365.0,15495.50242883,12558.96240491,2936.54002391998,91879.38283034,92334.73326732
2024,January,Low Duration Fund,20.0,892255.0,11427.56860514,9311.47077964,2116.09782549999,99202.0169547,99856.85894328
2024,January,Money Market Fund,23.0,438028.0,35758.6536082,25107.60359674,10651.05001146,155308.64468968,150976.65064129
2024,January,Short Duration Fund,23.0,461888.0,1786.85293007,2009.3695543,-222.516624229997,101737.91438584,101395.7939313
2024,January,Medium Duration Fund,15.0,235134.0,396.1293806,606.92377278,-210.79439218,26343.52974882,26295.23008744
2024,January,Medium to Long Duration Fund,12.0,101729.0,92.2752880899998,72.9577995500001,19.3174885399997,10434.46522454,10382.66357299
2024,January,Long Duration Fund,7.0,48073.0,639.816885,57.38020683,582.43667817,11057.1304692,10599.7409006
2024,January,Dynamic Bond Fund,22.0,220330.0,485.21235798,547.94067422,-62.7283162399999,31052.55928642,30994.98573182
2024,January,Corporate Bond Fund,21.0,569907.0,3419.29178138,2118.24390884,1301.04787254,142618.94679418,142363.10038453
2024,January,Credit Risk Fund,14.0,214675.0,59.52431431,362.20026739,-302.67595308,23499.82290462,23567.57326034
2024,January,Banking and PSU Fund,23.0,262869.0,735.008457309999,1236.02255377,-501.014096460001,80146.1814983,80089.73989967
2024,January,Gilt Fund,21.0,179926.0,805.34597026,392.4403409,412.905629360001,26740.63462039,26425.79271235
2024,January,Gilt Fund with 10 year constant duration,5.0,38720.0,99.43943126,33.93937016,65.5000611,4559.28074152,4517.44481216
2024,January,Floater Fund,13.0,220693.0,3015.02135097,1793.96991423,1221.05143674,56465.01148902,56613.25228581
2024,January,Sub Total - I (i+ii+iii+iv+v+vi+vii+viii+ix+x+xi+xii+xiii+xiv+xv+xvi),314.0,7168684.0,909286.84410984,832817.88131967,76468.96279017025,1376504.44190137,1429403.8861351
2024,January,Multi Cap Fund,24.0,5627683.0,4318.33051978,1279.66538614,3038.66513364,118110.55535195,114237.05482958
2024,January,Large Cap Fund,30.0,13346810.0,4984.54624162,3697.49267825,1287.05356337,299733.71347625,297349.89382248
2024,January,Large & Mid Cap Fund,27.0,8880611.0,4626.41437863,2296.30938113,2330.1049975,194015.38765592,190526.43390583
2024,January,Mid Cap Fund,29.0,13316071.0,5648.42341537,3587.24639296,2061.17702241,290293.81213849,285308.52019465
2024,January,Small Cap Fund,27.0,17896929.0,7033.71307868,3776.72878844,3256.98429024,247603.3368987,239940.98700656
2024,January,Dividend Yield Fund,9.0,836896.0,616.3057865,234.66283502,381.64295148,22948.8530842,22312.234022
2024,January,Value Fund/Contra Fund,23.0,5824994.0,3103.17902384,1261.01843075,1842.16059309,142075.87685824,138340.29632482
2024,January,Focused Fund,28.0,5093488.0,2076.97949531,2278.80998097,-201.830485660004,125636.58973974,124799.86852902
2024,January,Sectoral/Thematic Funds,150.0,16137536.0,9380.48374052,4575.79829319,4804.68544733,271142.03899249,264039.75629856
2024,January,ELSS,42.0,15728518.0,2635.87463805,2102.98810685,532.8865312,204369.61820267,201884.30649962
2024,January,Flexi Cap Fund,38.0,13776248.0,6406.4738332,3959.44267573,2447.03115747,334406.46697292,330432.00034412
2024,January,Sub Total - II (i+ii+iii+iv+v+vi+vii+viii+ix+x+xi),427.0,116465784.0,50830.7241515,29050.16294943,21780.561202069995,2250336.24937157,2209171.35177724
2024,January,Conservative Hybrid Fund,19.0,534546.0,502.73311074,455.32266629,47.4104444500003,26546.82441504,26317.6617623
2024,January,Balanced Hybrid Fund/Aggressive Hybrid Fund,31.0,5365185.0,2943.68608962,2495.74348782,447.942601800001,191437.57287464,189778.45853382
2024,January,Dynamic Asset Allocation/Balanced Advantage Fund,31.0,4515525.0,4953.36237846,3613.4823094,1339.88006906,241083.60893875,237368.5447833
2024,January,Multi Asset Allocation Fund,19.0,1822102.0,7771.24583544,691.7283637,7079.51747174,60324.83784562,57732.90667756
2024,January,Arbitrage Fund,27.0,478260.0,22866.85665623,12258.4667063,10608.38994993,144093.03475092,162169.00282918
2024,January,Equity Savings Fund,22.0,395788.0,2179.56563846,1065.71313741,1113.85250105,27082.85864529,26935.68840488
2024,January,Sub Total - III (i+ii+iii+iv+v+vi),149.0,13111406.0,41217.44970895,20580.45667092,20636.993038030003,690568.73747026,700302.26299104
2024,January,Retirement Fund,27.0,2848950.0,332.82445252,174.68837212,158.1360804,24489.41425864,24229.99210786
2024,January,Childrens Fund,11.0,2970835.0,160.53929265,70.92118365,89.6181089999999,18736.87610138,18487.73826792
2024,January,Sub Total - IV (i+ii),38.0,5819785.0,493.36374517,245.60955577,247.75418939999992,43226.29036002,42717.73037578
2024,January,Index Funds,197.0,6702645.0,5994.90402374,3006.91813931,2987.98588443,204524.54648822,201318.70766538
2024,January,GOLD ETF,16.0,4972469.0,734.0646694,76.6021764499999,657.46249295,27778.0783487,30445.0413558
2024,January,Other ETFs,183.0,13180494.0,17230.4342124,16659.2423979,571.191814499995,627244.59025678,622214.94354363
2024,January,Fund of funds investing overseas,54.0,1556656.0,384.91998754,618.71081772,-233.79083018,24044.10637668,23787.60467348
2024,January,Sub Total - V (i+ii+iii+iv),450.0,26412264.0,24344.32289308,20361.47353138,3982.849361699995,883591.32147038,877766.29723829
2024,January,Total A-Open ended Schemes,1378.0,168977923.0,1026172.70460854,903055.58402717,123117.12058137024,5244227.0405736,5259361.52851745
2024,January,Fixed Term Plan,93.0,79517.0,383.943033,325.245937,58.6970960000003,18032.82482573,17920.81325701
2024,January,Capital Protection Oriented Schemes,0.0,0.0,0.0,0.0,0.0,0.0,0.0
2024,January,Infrastructure Debt Fund,5.0,41.0,0.0,0.0,0.0,1611.382392,1606.214633
2024,January,Other Debt Scheme,1.0,215586.0,23.11,67.3100000000001,-44.2,5289.44,5324.85
2024,January,Sub Total (i+ii+iii+iv),99.0,295144.0,407.053033,392.55593700000014,14.497096000000298,24933.64721773,24851.87789001
2024,January,ELSS,19.0,281749.0,0.0,31.99204069,-31.99204069,4082.7417463,4070.06871532
2024,January,Other Equity Schemes,1.0,1738.0,0.0,0.0,0.0,132.94,131.32
2024,January,Sub Total (i+ii),20.0,283487.0,0.0,31.99204069,-31.99204069,4215.6817463,4201.38871532
2024,January,Total B -Close ended Schemes,119.0,578631.0,407.053033,424.54797769000015,-17.494944689999702,29149.32896403,29053.26660533
2024,January,Total C Interval Schemes,12.0,2628.0,105.9485,0.416699999999992,105.5318,624.3294,592.9199
2024,January,Grand Total,1509.0,169559182.0,1026685.70614154,903480.54870486,123205.15743668024,5274000.69893763,5289007.71502278
2025,January,Overnight Fund,34.0,630458.0,527516.021281091,508579.49966963,18936.5216114605,93682.26298268,102280.33387502
2025,January,Liquid Fund,37.0,1859454.0,434077.51899636,342484.60107383,91592.9179225303,559392.7022125,562515.73332331
2025,January,Ultra Short Duration Fund,25.0,647113.0,22869.8482474,21822.17479592,1047.67345148002,111402.70692876,113188.22841864
2025,January,Low Duration Fund,20.0,817516.0,12650.05703155,11984.60557619,665.451455360017,115582.08838945,116170.58687809
2025,January,Money Market Fund,23.0,431072.0,68217.37526987,46301.84438257,21915.5308873001,253709.46494041,248588.51141685
2025,January,Short Duration Fund,24.0,445014.0,3463.78280732,5529.97590057,-2066.19309325,111948.75987571,111854.84820772
2025,January,Medium Duration Fund,13.0,210503.0,222.722105250001,442.92243645,-220.200331199999,24978.73462912,25022.30206872
2025,January,Medium to Long Duration Fund,13.0,102194.0,145.602208,314.41027606,-168.80806806,11598.5148265,11707.55468762
2025,January,Long Duration Fund,11.0,89737.0,495.0523861,293.66344044,201.38894566,20556.06542012,20345.99847641
2025,January,Dynamic Bond Fund,22.0,223226.0,555.5265358,670.49817257,-114.97163677,35388.05584414,35347.57091832
2025,January,Corporate Bond Fund,21.0,530127.0,3928.13518711,4145.51165289,-217.376465779998,172234.59646435,171150.36231656
2025,January,Credit Risk Fund,14.0,182448.0,55.68708265,349.42372384,-293.73664119,20601.21350933,20682.42931998
2025,January,Banking and PSU Fund,22.0,236157.0,1355.62455675,1469.42015696,-113.795600209998,78680.72195856,78551.71148371
2025,January,Gilt Fund,22.0,212095.0,1928.58042269,3288.24149492,-1359.66107223,41124.1070519,41737.74969094
2025,January,Gilt Fund with 10 year constant duration,5.0,35624.0,45.8403965,68.6115778200001,-22.7711813200001,4850.62355853,4826.54803212
2025,January,Floater Fund,12.0,196582.0,1347.17973568,2476.56872513,-1129.38898945,50584.52441925,50974.52318225
2025,January,Sub Total - I (i+ii+iii+iv+v+vi+vii+viii+ix+x+xi+xii+xiii+xiv+xv+xvi),318.0,6849320.0,1078874.554250121,950221.9730557904,128652.58119433097,1706315.14301131,1714944.9922962603
2025,January,Multi Cap Fund,29.0,9123745.0,5180.38865255,1613.00493854,3567.38371401,173765.92136526,175900.93201415
2025,January,Large Cap Fund,32.0,15723013.0,5731.07704597,2667.74343548,3063.33361049,354365.8307808,354160.55651849
2025,January,Large & Mid Cap Fund,31.0,11561541.0,6248.40326363,2125.44929269,4122.95397093999,260828.35628105,263700.0720996
2025,January,Mid Cap Fund,29.0,20460332.0,8599.79202078999,3451.91754716,5147.87447362999,373184.2224955,383066.46403179
2025,January,Small Cap Fund,30.0,24588422.0,9039.82148838999,3318.95080698001,5720.87068140999,305580.17175628,315169.56848909
2025,January,Dividend Yield Fund,10.0,1184976.0,503.333997119998,288.6917668,214.642230319998,31049.09721556,31087.05580694
2025,January,Value Fund/Contra Fund,23.0,8106495.0,3012.92591858,1456.47422864,1556.45168994,183299.90664846,184523.64665173
2025,January,Focused Fund,28.0,5179012.0,2256.97594636,1473.90771472,783.068231640002,142450.22995934,143150.2868881
2025,January,Sectoral/Thematic Funds,205.0,30371441.0,15004.93797527,5988.34250326001,9016.59547201,460920.59953517,462927.43350052
2025,January,ELSS,43.0,16945224.0,2273.33378722,1476.30412689,797.029660330005,232191.64505779,234805.85081978
2025,January,Flexi Cap Fund,39.0,17330407.0,8779.09055091999,3081.51450434,5697.57604658,429128.21910596,429825.50061144
2025,January,Sub Total - II (i+ii+iii+iv+v+vi+vii+viii+ix+x+xi),499.0,160574608.0,66630.08064679995,26942.300865500023,39687.77978129997,2946764.2002011705,2978317.36743163
2025,January,Conservative Hybrid Fund,18.0,546784.0,324.39233513,518.61546308,-194.22312795,28172.00118227,28300.84241927
2025,January,Balanced Hybrid Fund/Aggressive Hybrid Fund,31.0,5734895.0,2476.6097768,1843.60626447,633.00351233,218007.38205327,218684.3814272
2025,January,Dynamic Asset Allocation/Balanced Advantage Fund,34.0,5090495.0,4252.20254787,2740.14698642,1512.05556145,282864.09478433,283508.22089686
2025,January,Multi Asset Allocation Fund,27.0,2904933.0,3227.86463272,1105.01795455,2122.84667817,103811.58036595,110096.56949317
2025,January,Arbitrage Fund,31.0,581194.0,22694.49824468,18402.7566173,4291.74162737999,200304.7444804,240880.76117058
2025,January,Equity Savings Fund,22.0,475190.0,1994.0805661,1591.98680657,402.093759529998,42161.42362889,43896.82580571
2025,January,Sub Total - III (i+ii+iii+iv+v+vi),163.0,15333491.0,34969.648103299995,26202.13009239,8767.51801090999,875321.22649511,925367.60121279
2025,January,Retirement Fund,29.0,2988765.0,301.65625395,199.53357884,102.12267511,29195.89333079,29490.47270698
2025,January,Childrens Fund,12.0,3059797.0,204.82254725,63.8764831899999,140.94606406,22063.59545587,22270.999436
2025,January,Sub Total - IV (i+ii),41.0,6048562.0,506.4788012,263.4100620299999,243.06873917,51259.48878666,51761.47214298
2025,January,Index Funds,286.0,12761464.0,9551.08149028,4296.42531624,5254.65617404001,276120.48421024,274200.48923592
2025,January,GOLD ETF,18.0,6497498.0,3881.3389606,129.9234272,3751.4155334,51839.38709224,47940.62680435
2025,January,Other ETFs,217.0,19231856.0,23093.10837012,21921.41949786,1171.68887226,762902.73524771,758038.98356054
2025,January,Fund of funds investing overseas,54.0,1371445.0,382.66953522,305.14333151,77.5262037099997,28065.07075795,27293.27034314
2025,January,Sub Total - V (i+ii+iii+iv),575.0,39862263.0,36908.19835622,26652.91157281,10255.28678341001,1118927.67730814,1107473.36994395
2025,January,Total A-Open ended Schemes,1596.0,228668244.0,1217888.9601576405,1030282.7256485204,187606.23450912093,6698587.735802392,6777864.803027611
2025,January,Fixed Term Plan,80.0,68119.0,0.0,0.0,0.0,16074.16788225,16020.8973415
2025,January,Capital Protection Oriented Schemes,0.0,0.0,0.0,0.0,0.0,0.0,0.0
2025,January,Infrastructure Debt Fund,4.0,30.0,0.0,0.0,0.0,1099.78468,1096.608719
2025,January,Other Debt Scheme,1.0,194357.0,19.54,55.54,-36.0,5337.21,5372.82
2025,January,Sub Total (i+ii+iii+iv),85.0,262506.0,19.54,55.54,-36.0,22511.16256225,22490.3260605
2025,January,ELSS,18.0,266417.0,0.0,18.44205344,-18.44205344,4250.15716418,4284.67423836
2025,January,Other Equity Schemes,0.0,0.0,0.0,0.0,0.0,0.0,0.0
2025,January,Sub Total (i+ii),18.0,266417.0,0.0,18.44205344,-18.44205344,4250.15716418,4284.67423836
2025,January,Total B -Close ended Schemes,103.0,528923.0,19.54,73.98205344,-54.44205344,26761.31972643,26775.00029886
2025,January,Total C Interval Schemes,12.0,2210.0,0.0003,0.831200000000024,-0.830900000000024,100.6171,120.8689
2025,January,Grand Total,1711.0,229199377.0,1217908.5004576405,1030357.5389019602,187550.96155568093,6725449.672628822,6804760.672226471
2026,January,Overnight Fund,37.0,734569.0,657098.13697125,610818.08783477,46280.0491364803,126200.24577556,125565.39536273
2026,January,Liquid Fund,42.0,2514436.0,408835.01635988,378153.46244703,30681.5539128496,536753.20670841,565989.61702585
2026,January,Ultra Short Duration Fund,25.0,768654.0,29442.04454707,29186.67588912,255.368657949963,132482.34510576,136859.04170287
2026,January,Low Duration Fund,24.0,847633.0,22871.92206257,18092.74092581,4779.18113675999,152176.2256588,149428.32294505
2026,January,Money Market Fund,27.0,523717.0,69043.59321412,56280.12128744,12763.4719266801,332151.98422394,328273.70990132
2026,January,Short Duration Fund,25.0,563688.0,5931.16454951999,8819.71318018,-2888.54863066001,133810.2083889,136139.32127963
2026,January,Medium Duration Fund,13.0,240538.0,276.48161323,384.11133749,-107.629724259999,26229.00769833,26273.4000508
2026,January,Medium to Long Duration Fund,13.0,101359.0,41.9562007,216.33057675,-174.37437605,11512.90157486,11555.98996275
2026,January,Long Duration Fund,11.0,82999.0,28.9110151300001,1365.240512,-1336.32949687,16221.17152598,16754.33746791
2026,January,Dynamic Bond Fund,22.0,229369.0,202.80745061,1637.76074839,-1434.95329778,34718.25826871,35462.8739543
2026,January,Corporate Bond Fund,21.0,577039.0,1626.59835187999,13099.38999656,-11472.79164468,195400.06888728,201314.95437845
2026,January,Credit Risk Fund,14.0,196410.0,172.69281473,298.54252325,-125.84970852,19893.2254098,19933.05925865
2026,January,Banking and PSU Fund,21.0,239116.0,514.354124240001,1733.234838,-1218.88071376,78169.94395751,78906.71779806
2026,January,Gilt Fund,23.0,211129.0,459.22893424,1887.72175606,-1428.49282182,37115.92701992,37810.51296359
2026,January,Gilt Fund with 10 year constant duration,5.0,37098.0,67.39247174,80.44791087,-13.05543913,4865.29402175,4889.26948935
2026,January,Floater Fund,12.0,197564.0,1890.39548709,1621.98018883,268.415298260003,52573.19235636,52680.26484447
2026,January,Sub Total - I (i+ii+iii+iv+v+vi+vii+viii+ix+x+xi+xii+xiii+xiv+xv+xvi),335.0,8065318.0,1198502.6961680003,1123675.5619525495,74827.13421544996,1890273.2065818703,1927836.7883857803
2026,January,Multi Cap Fund,32.0,11272944.0,5043.04526273,3047.81317405,1995.23208868,216445.38892108,218817.57505425
2026,January,Large Cap Fund,33.0,16949451.0,5523.62901217,3518.65182964,2004.97718253,408303.50130638,413609.66550237
2026,January,Large & Mid Cap Fund,33.0,13434952.0,6423.91045071,3242.01955948,3181.89089123,324621.32522158,327288.01528755
2026,January,Mid Cap Fund,31.0,24168250.0,8259.57984919001,5074.10543079,3185.4744184,449438.76302239,454270.77133081
2026,January,Small Cap Fund,34.0,27471864.0,8133.41694146,5191.30546309,2942.11147837,354789.97170459,359055.59063467
2026,January,Dividend Yield Fund,11.0,1202510.0,524.74233234,476.9138552,47.8284771399995,32451.32794667,32480.44907899
2026,January,Value Fund/Contra Fund,25.0,8885986.0,3054.7943744,2061.90684535,992.88752905,214214.78468865,215977.28429607
2026,January,Focused Fund,28.0,5450285.0,3280.79899009,1723.8434719,1556.95551819,171535.16248851,173290.06214351
2026,January,Sectoral/Thematic Funds,240.0,31681759.0,11116.92214208,10074.35754777,1042.56459431,523743.15011643,529376.93834588
2026,January,ELSS,41.0,16501822.0,1479.04627239,2072.73877664,-593.692504250002,244287.63750869,247617.18099026
2026,January,Flexi Cap Fund,44.0,22515391.0,12827.39483699,5155.03481328,7672.36002371,546946.61441015,549566.708792
2026,January,Sub Total - II (i+ii+iii+iv+v+vi+vii+viii+ix+x+xi),552.0,179535214.0,65667.28046455001,41638.69076719,24028.58969736,3486777.62733512,3521350.241456361
2026,January,Conservative Hybrid Fund,18.0,576220.0,424.27986911,501.493571800001,-77.2137026900004,29527.20377438,29674.29655294
2026,January,Balanced Hybrid Fund/Aggressive Hybrid Fund,31.0,6177349.0,3973.7079815,2295.54438738,1678.16359412,249182.02971814,252120.46850725
2026,January,Dynamic Asset Allocation/Balanced Advantage Fund,35.0,5624351.0,5279.51067633,3440.09599684,1839.41467949,319902.63682003,322414.83701184
2026,January,Multi Asset Allocation Fund,33.0,4592478.0,12139.13351365,1653.75271226,10485.38080139,174660.32231587,185088.94913086
2026,January,Arbitrage Fund,36.0,762151.0,27817.43893867,24524.13934794,3293.29959073002,276654.07207346,333040.47966111
2026,January,Equity Savings Fund,25.0,528385.0,1981.84684188,1844.87623062,136.97061126,50740.46586491,55314.77908503
2026,January,Sub Total - III (i+ii+iii+iv+v+vi),178.0,18260934.0,51615.91782113999,34259.90224684,17356.015574300018,1100666.73056679,1177653.8099490302
2026,January,Retirement Fund,29.0,3049871.0,279.23072788,174.71369077,104.51703711,32044.11324269,32448.64347446
2026,January,Childrens Fund,12.0,3212128.0,309.12658818,71.8939698099999,237.23261837,25230.05351667,25380.15080634
2026,January,Sub Total - IV (i+ii),41.0,6261999.0,588.35731606,246.6076605799999,341.74965548,57274.16675936,57828.7942808
2026,January,Index Funds,354.0,14524940.0,8526.22221529001,8498.92539505,27.2968202400079,320493.8634555,322963.6431282
2026,January,GOLD ETF,25.0,11437218.0,24351.57736374,311.6168897,24039.96047404,184276.95609375,150380.66235501
2026,January,Other ETFs,289.0,26057440.0,34387.69612044,19381.8304025,15005.86571794,997350.40860863,979921.32761106
2026,January,Fund of funds investing overseas,52.0,1682977.0,1285.52006361,404.01516667,881.50489694,39229.08223425,38154.74231265
2026,January,Sub Total - V (i+ii+iii+iv),720.0,53702575.0,68551.01576308002,28596.38785392,39954.62790916001,1541350.3103921297,1491420.37540692
2026,January,Total A-Open ended Schemes,1826.0,265826040.0,1384925.2675328304,1228417.1504810797,156508.11705174998,8076342.041635269,8176090.009478891
2026,January,Fixed Term Plan,71.0,56325.0,0.0,0.0,0.0,14760.99330801,14731.16101389
2026,January,Capital Protection Oriented Schemes,0.0,0.0,0.0,0.0,0.0,0.0,0.0
2026,January,Infrastructure Debt Fund,3.0,19.0,0.0,0.0,0.0,908.4087023,906.0081569
2026,January,Other Debt Scheme,1.0,178857.0,15.41,49.4699999999999,-34.0599999999999,5067.75,5149.78
2026,January,Sub Total (i+ii+iii+iv),75.0,235201.0,15.41,49.4699999999999,-34.0599999999999,20737.15201031,20786.94917079
2026,January,ELSS,15.0,251406.0,0.0,15.42499496,-15.42499496,4196.2202252,4258.50841021
2026,January,Other Equity Schemes,0.0,0.0,0.0,0.0,0.0,0.0,0.0
2026,January,Sub Total (i+ii),15.0,251406.0,0.0,15.42499496,-15.42499496,4196.2202252,4258.50841021
2026,January,Total B -Close ended Schemes,90.0,486607.0,15.41,64.8949949599999,-49.4849949599999,24933.37223551,25045.457581
2026,January,Total C Interval Schemes,3.0,914.0,0.0,0.0,0.0,30.1637,39.1507
2026,January,Grand Total,1919.0,266313561.0,1384940.6775328305,1228482.0454760396,156458.63205679,8101305.577570779,8201174.617759892
2023,July,Overnight Fund,34.0,720682.0,449157.43042704,459904.25557142,-10746.8251443801,79007.97166004,102623.38182482
2023,July,Liquid Fund,36.0,1799501.0,392319.07152367,340380.66271091,51938.40881276,474197.60047326,493489.11708779
2023,July,Ultra Short Duration Fund,24.0,647116.0,19109.72210214,16244.71531853,2865.00678361,100630.09884857,100606.97969209
2023,July,Low Duration Fund,21.0,933671.0,13189.37761576,6161.95716999,7027.42044577,106720.4326448,104663.4656534
2023,July,Money Market Fund,23.0,434366.0,33268.70491541,24660.56076369,8608.14415171999,149582.08106603,148130.87270513
2023,July,Short Duration Fund,24.0,500046.0,1573.53110154,1878.92600109,-305.39489955,99381.9132434,99449.39275955
2023,July,Medium Duration Fund,15.0,253075.0,358.00858819,425.51440255,-67.5058143600002,27404.16157748,27372.85378172
2023,July,Medium to Long Duration Fund,12.0,106719.0,379.63612571,63.4531625,316.18296321,10256.30828772,10050.71732624
2023,July,Long Duration Fund,7.0,47731.0,153.6449745,39.21443708,114.43053742,9314.8723854,9267.3187518
2023,July,Dynamic Bond Fund,22.0,232024.0,600.71532443,533.3313093,67.3840151300001,30410.42108789,30343.4361638
2023,July,Corporate Bond Fund,21.0,608834.0,3341.53231446,2693.72213754,647.81017692,136964.19786361,136569.93919656
2023,July,Credit Risk Fund,14.0,234415.0,200.54680824,366.8801154,-166.33330716,24293.68910442,24317.2683102
2023,July,Banking and PSU Fund,23.0,285661.0,419.2795301,1729.2323106,-1309.9527805,80959.18558015,81542.46036747
2023,July,Gilt Fund,22.0,181427.0,829.83316621,361.1273484,468.70581781,23254.50179632,22943.89178352
2023,July,Gilt Fund with 10 year constant duration,5.0,41832.0,53.74053725,71.62932693,-17.88878968,4219.45416102,4228.01781662
2023,July,Floater Fund,13.0,231370.0,3754.10470204,1753.61779356,2000.48690848,60641.06030322,60353.12485924
2023,July,Sub Total - I (i+ii+iii+iv+v+vi+vii+viii+ix+x+xi+xii+xiii+xiv+xv+xvi),316.0,7258470.0,918708.8797566898,857268.79987949,61440.079877199874,1417237.95008333,1455952.23807995
2023,July,Multi Cap Fund,20.0,4453227.0,3907.22775434,1406.76161806,2500.46613628,85031.06170782,80849.47531995
2023,July,Large Cap Fund,30.0,12965360.0,3271.40934583,5151.40828833,-1879.9989425,266035.38410839,263267.67088641
2023,July,Large & Mid Cap Fund,26.0,8081426.0,3553.19830933,2226.42497542,1326.77333391,155885.26507917,151855.932164
2023,July,Mid Cap Fund,29.0,11313470.0,4713.40277886,3090.07046356,1623.3323153,229879.03356598,222719.75494579
2023,July,Small Cap Fund,24.0,13015548.0,6261.13769618,2089.69909593,4171.43860025,182493.47215393,175208.16472437
2023,July,Dividend Yield Fund,9.0,763914.0,555.44362549,213.02930361,342.41432188,17368.37466435,16784.94789984
2023,July,Value Fund/Contra Fund,23.0,5053888.0,2103.47362293,1400.51419754,702.959425390001,111052.33461252,107640.54171428
2023,July,Focused Fund,27.0,5201169.0,1689.88718658,2756.60414726,-1066.71696068,112684.55333555,111195.92450848
2023,July,Sectoral/Thematic Funds,131.0,13565765.0,6192.1568544,4762.82404586,1429.33280854,206710.10672638,201135.51949392
2023,July,ELSS,42.0,15325099.0,1592.52389724,2184.39723797,-591.87334073,176490.05695605,173767.23771043
2023,July,Flexi Cap Fund,35.0,12846852.0,4196.92086249,5129.0889416,-932.168079109999,280964.68099659,276729.96117122
2023,July,Sub Total - II (i+ii+iii+iv+v+vi+vii+viii+ix+x+xi),396.0,102585718.0,38036.78193367,30410.82231514,7625.9596185300015,1824594.3239067304,1781155.13053869
2023,July,Conservative Hybrid Fund,20.0,523207.0,591.90466081,427.68105467,164.22360614,24694.85295453,24453.14590444
2023,July,Balanced Hybrid Fund/Aggressive Hybrid Fund,30.0,5299241.0,2469.18262866,2786.27811587,-317.09548721,171714.03591913,169516.1914177
2023,July,Dynamic Asset Allocation/Balanced Advantage Fund,29.0,4443098.0,4174.68691873,3755.64684908,419.04006965,211100.28238241,208465.92486174
2023,July,Multi Asset Allocation Fund,13.0,1178713.0,1944.0420369,562.54263774,1381.49939916,33779.6099429,34081.2840205
2023,July,Arbitrage Fund,26.0,438865.0,15906.66011351,5831.79197101,10074.8681425,90745.62668276,99966.2833705
2023,July,Equity Savings Fund,22.0,366513.0,1429.07512423,730.8699874,698.20513683,18962.20559039,18752.76824487
2023,July,Sub Total - III (i+ii+iii+iv+v+vi),140.0,12249637.0,26515.55148284,14094.81061577,12420.74086707,550996.61347212,555235.59781975
2023,July,Retirement Fund,26.0,2782143.0,237.67972694,160.30417664,77.3755502999999,21017.12500637,20601.24241565
2023,July,Childrens Fund,10.0,2936379.0,117.9900313,74.74738247,43.24264883,16447.1679341,16171.0982296
2023,July,Sub Total - IV (i+ii),36.0,5718522.0,355.66975824,235.05155911000003,120.61819912999992,37464.29294047,36772.34064525
2023,July,Index Funds,186.0,4814292.0,3561.87511836,2382.61223182,1179.26288654,179302.02613844,177597.24909822
2023,July,GOLD ETF,13.0,4774760.0,535.2642471,79.1102381,456.154009,23329.4084344,22738.1739621
2023,July,Other ETFs,167.0,12212329.0,12243.1942239,12596.44823177,-353.254007870002,554108.3372515,548070.67677479
2023,July,Fund of funds investing overseas,50.0,1374053.0,304.78816181,727.32483789,-422.53667608,24403.79127808,24088.95727005
2023,July,Sub Total - V (i+ii+iii+iv),416.0,23175434.0,16645.12175117,15785.49553958,859.6262115899981,781143.56310242,772495.05710516
2023,July,Total A-Open ended Schemes,1304.0,150987781.0,1000262.0046826098,917794.9799090902,82467.02477351986,4611436.74350507,4601610.364188801
2023,July,Fixed Term Plan,89.0,133663.0,0.0,222.197286,-222.197286,19432.83192056,19411.87721291
2023,July,Capital Protection Oriented Schemes,1.0,520.0,0.0,76.3540644,-76.3540644,43.2087,94.98244157
2023,July,Infrastructure Debt Fund,7.0,52.0,0.0,0.0,0.0,2192.1009909,2068.0976329
2023,July,Other Debt Scheme,0.0,0.0,0.0,0.0,0.0,0.0,0.0
2023,July,Sub Total (i+ii+iii+iv),97.0,134235.0,0.0,298.5513504,-298.5513504,21668.14161146,21574.95728738
2023,July,ELSS,19.0,290341.0,0.0,31.90057511,-31.90057511,3814.15462919,3768.28634782
2023,July,Other Equity Schemes,4.0,6197.0,0.0,88.74,-88.74,399.03,463.74
2023,July,Sub Total (i+ii),23.0,296538.0,0.0,120.64057511,-120.64057511,4213.18462919,4232.02634782
2023,July,Total B -Close ended Schemes,120.0,430773.0,0.0,419.19192551,-419.19192551,25881.32624065,25806.9836352
2023,July,Total C Interval Schemes,12.0,2716.0,0.0004000000000008,1.75310000000002,-1.75270000000002,246.5874,269.8779
2023,July,Grand Total,1436.0,151421270.0,1000262.0050826098,918215.9249346,82046.08014800987,4637564.65714572,4627687.2257240005
2024,July,Overnight Fund,35.0,873876.0,476399.71725324,471948.09403719,4451.62321605021,70482.15431094,95457.88380365
2024,July,Liquid Fund,36.0,1782584.0,467267.4387367,397206.55780513,70060.88093157,493493.47312763,530922.47219233
2024,July,Ultra Short Duration Fund,24.0,632446.0,30802.35267744,22595.49273185,8206.85994559,104537.9853449,104417.27873731
2024,July,Low Duration Fund,20.0,843900.0,14566.70738843,12664.39001011,1902.31737832,105025.56616549,105031.57137211
2024,July,Money Market Fund,23.0,433155.0,67015.84977688,38277.82307156,28738.02670532,234400.7467456,227499.82468259
2024,July,Short Duration Fund,23.0,438664.0,4904.37965898,2301.47335312,2602.90630586,105624.05646399,104517.91381456
2024,July,Medium Duration Fund,15.0,217360.0,161.86380823,531.81943937,-369.95563114,24830.58775098,24871.62552019
2024,July,Medium to Long Duration Fund,12.0,98618.0,176.22493534,118.80899507,57.41594027,11052.02186935,10973.67907576
2024,July,Long Duration Fund,9.0,69014.0,911.29500134,124.54755585,786.74744549,15324.7676226,14773.67553168
2024,July,Dynamic Bond Fund,22.0,216166.0,878.04248757,671.44379743,206.59869014,33069.71456927,32848.37127133
2024,July,Corporate Bond Fund,21.0,538313.0,4915.40923824,2654.3703705,2261.03886774,154280.13160054,152348.90892424
2024,July,Credit Risk Fund,14.0,193899.0,41.35484683,584.18593872,-542.83109189,21789.59980861,21980.58724809
2024,July,Banking and PSU Fund,22.0,243634.0,1200.11036089,1508.04238224,-307.93202135,79123.08716512,78867.36562991
2024,July,Gilt Fund,21.0,192867.0,2251.09273323,989.46468271,1261.62805052,33302.06107919,32887.92368304
2024,July,Gilt Fund with 10 year constant duration,5.0,36301.0,57.10148551,99.25354081,-42.1520553,4496.06320227,4499.41057643
2024,July,Floater Fund,13.0,205947.0,2575.66899399,2261.24606056,314.422933430001,53349.18750781,53567.01147505
2024,July,Sub Total - I (i+ii+iii+iv+v+vi+vii+viii+ix+x+xi+xii+xiii+xiv+xv+xvi),315.0,7016744.0,1074124.60938284,954537.01377222,119587.59561062024,1544181.20433429,1595465.50353827
2024,July,Multi Cap Fund,26.0,7364238.0,9122.91987615,2038.31297445,7084.6069017,168365.86005904,159888.17460568
2024,July,Large Cap Fund,31.0,14357880.0,6000.05009346,5329.92942039,670.120673070001,361031.14297366,353931.44125742
2024,July,Large & Mid Cap Fund,29.0,10077659.0,5791.14874503,3168.85781302,2622.29093201,257266.49277282,250312.22003676
2024,July,Mid Cap Fund,29.0,16029834.0,7557.38549083,5913.16572095,1644.21976988,378543.82766416,368224.06832066
2024,July,Small Cap Fund,28.0,20962913.0,7119.56365331,5010.36737219,2109.19628112,313488.17717635,305931.02294531
2024,July,Dividend Yield Fund,9.0,991819.0,1027.22193999,396.44207021,630.77986978,30683.97521849,29527.97956551
2024,July,Value Fund/Contra Fund,23.0,7016092.0,4138.75348813,1967.97310743,2170.7803807,185631.53886977,179811.21072895
2024,July,Focused Fund,28.0,5071314.0,2046.11562811,2666.35906889,-620.243440779998,148161.60404409,146009.52000195
2024,July,Sectoral/Thematic Funds,174.0,24786304.0,27468.52126488,9082.16893395,18386.35233093,421112.35632399,400005.91575446
2024,July,ELSS,42.0,16463700.0,2065.40087278,2703.03135374,-637.63048096,249507.00226085,244273.47950227
2024,July,Flexi Cap Fund,39.0,15377119.0,8820.87657486,5767.96011172,3052.91646314,420165.97040731,412088.6554483
2024,July,Sub Total - II (i+ii+iii+iv+v+vi+vii+viii+ix+x+xi),458.0,138498872.0,81157.95762752999,44044.567946940006,37113.38968059001,2933957.94777053,2850003.68816727
2024,July,Conservative Hybrid Fund,19.0,545408.0,575.43859395,549.74618646,25.6924074899998,28307.34665316,28062.63030767
2024,July,Balanced Hybrid Fund/Aggressive Hybrid Fund,31.0,5518271.0,3340.73461705,3145.25910698,195.475510069999,221973.33290113,218925.40777944
2024,July,Dynamic Asset Allocation/Balanced Advantage Fund,33.0,4770961.0,6298.94292834,4501.38547603,1797.55745231,279986.06970106,275389.04736258
2024,July,Multi Asset Allocation Fund,24.0,2426363.0,4314.24904972,1188.73901481,3125.51003491,89592.72456335,91892.84930876
2024,July,Arbitrage Fund,27.0,532819.0,28526.72099347,17511.97172173,11014.74927174,189349.31126255,221867.12849936
2024,July,Equity Savings Fund,22.0,431125.0,2950.21620427,1673.11327389,1277.10293038,35571.79126393,35848.57624397
2024,July,Sub Total - III (i+ii+iii+iv+v+vi),156.0,14224947.0,46006.3023868,28570.2147799,17436.087606899997,844780.5763451799,871985.6395017799
2024,July,Retirement Fund,29.0,2936417.0,374.26247914,227.09892795,147.16355119,29903.39259326,29372.40547756
2024,July,Childrens Fund,11.0,3002653.0,183.31364861,104.00173012,79.31191849,22086.8089432,21704.23658035
2024,July,Sub Total - IV (i+ii),40.0,5939070.0,557.57612775,331.10065807,226.47546968,51990.20153646,51076.64205791
2024,July,Index Funds,225.0,9735676.0,13102.63807617,5082.94187152,8019.69620465,258148.49697343,252191.38380353
2024,July,GOLD ETF,17.0,5527649.0,1465.4443343,128.0984964,1337.3458379,34455.1436768,34644.12522771
2024,July,Other ETFs,201.0,15490196.0,16883.359025,11096.07599167,5787.28303333,777300.87530491,762996.92787378
2024,July,Fund of funds investing overseas,55.0,1427286.0,221.93658433,588.42413069,-366.48754636,25179.63049809,25769.45210747
2024,July,Sub Total - V (i+ii+iii+iv),498.0,32180807.0,31673.3780198,16895.54049028,14777.837529519998,1095084.14645323,1075601.88901249
2024,July,Total A-Open ended Schemes,1467.0,197860440.0,1233519.8235447202,1044378.43764741,189141.38589731025,6469994.07643969,6444133.36227772
2024,July,Fixed Term Plan,79.0,67816.0,0.0,0.0,0.0,15301.73684921,15236.85856987
2024,July,Capital Protection Oriented Schemes,0.0,0.0,0.0,0.0,0.0,0.0,0.0
2024,July,Infrastructure Debt Fund,4.0,30.0,0.0,0.0,0.0,1057.920998,1053.3007
2024,July,Other Debt Scheme,1.0,203433.0,19.42,85.31,-65.89,5482.19,5457.23
2024,July,Sub Total (i+ii+iii+iv),84.0,271279.0,19.42,85.31,-65.89,21841.84784721,21747.38926987
2024,July,ELSS,18.0,272196.0,0.0,31.03531437,-31.03531437,4654.95326668,4586.47673304
2024,July,Other Equity Schemes,0.0,0.0,0.0,0.0,0.0,0.0,0.0
2024,July,Sub Total (i+ii),18.0,272196.0,0.0,31.03531437,-31.03531437,4654.95326668,4586.47673304
2024,July,Total B -Close ended Schemes,102.0,543475.0,19.42,116.34531437,-96.92531437,26496.80111389,26333.86600291
2024,July,Total C Interval Schemes,12.0,2379.0,0.0002999999999999,0.762400000000014,-0.762100000000014,162.2582,197.1087
2024,July,Grand Total,1581.0,198406294.0,1233539.24384472,1044495.54536178,189043.69848294024,6496653.135753579,6470664.33698063
2025,July,Overnight Fund,37.0,706888.0,602367.86494319,593502.26741673,8865.59752646019,80835.23982604,108422.78047143
2025,July,Liquid Fund,39.0,2082344.0,477544.05403212,438189.12075098,39354.9332811399,542224.72076529,600208.97180331
2025,July,Ultra Short Duration Fund,25.0,724730.0,35894.96291432,33618.33848503,2276.62442929,135868.21758363,135111.63352102
2025,July,Low Duration Fund,23.0,854453.0,27694.83479684,17928.61854428,9766.21625256,141985.61691193,139357.61952253
2025,July,Money Market Fund,25.0,509995.0,115459.50943251,70885.90516181,44573.6042707,337161.18443345,332443.33440768
2025,July,Short Duration Fund,24.0,506036.0,6866.89957897,5037.57011297,1829.329466,136020.58462625,136121.87865355
2025,July,Medium Duration Fund,13.0,230916.0,582.91793036,558.94179081,23.97613955,25513.37993014,25549.30425005
2025,July,Medium to Long Duration Fund,13.0,104610.0,119.44429603,340.89714733,-221.4528513,11687.03010382,11799.95563986
2025,July,Long Duration Fund,11.0,96032.0,291.87644555,708.35910209,-416.48265654,20260.14815533,20350.74185182
2025,July,Dynamic Bond Fund,22.0,239570.0,729.20336167,666.6572714,62.5460902700002,37174.04119474,37095.50251039
2025,July,Corporate Bond Fund,21.0,560211.0,8478.36968199,7056.80268779,1421.5669942,205891.35673839,205113.73942273
2025,July,Credit Risk Fund,14.0,185095.0,81.48746828,353.00244541,-271.51497713,20229.41342454,20304.90826599
2025,July,Banking and PSU Fund,22.0,240020.0,1295.24290088,1956.97304561,-661.73014473,82041.63578811,81868.29421536
2025,July,Gilt Fund,23.0,232098.0,1929.85257079,1769.80230155,160.05026924,41789.56312769,42149.90263359
2025,July,Gilt Fund with 10 year constant duration,5.0,39036.0,88.13189319,214.33523399,-126.2033408,4821.7917415,4856.63457867
2025,July,Floater Fund,12.0,199862.0,2042.59891491,1878.43459027,164.16432464,52161.95667985,51992.37571113
2025,July,Sub Total - I (i+ii+iii+iv+v+vi+vii+viii+ix+x+xi+xii+xiii+xiv+xv+xvi),329.0,7511896.0,1281467.2511616002,1174666.0260880503,106801.22507355009,1875665.8810307,1952747.5774591097
2025,July,Multi Cap Fund,32.0,10357646.0,5961.12869999,1970.2899973,3990.83870269,205281.88905943,205917.39326473
2025,July,Large Cap Fund,33.0,16444374.0,5503.66657595,3378.57631349,2125.09026246,391762.72899624,394905.26883144
2025,July,Large & Mid Cap Fund,33.0,12511660.0,7399.65698574,2364.94341885,5034.71356689,300972.11446238,302807.7796291
2025,July,Mid Cap Fund,30.0,22564162.0,8711.45672517,3528.96650189,5182.49022328,428582.49916458,431587.59212204
2025,July,Small Cap Fund,31.0,26255276.0,9776.24159039,3291.81280514,6484.42878525,355901.83822483,358771.29939674
2025,July,Dividend Yield Fund,10.0,1204368.0,481.56155617,384.90880007,96.6527561000003,32558.58368422,32991.9764609
2025,July,Value Fund/Contra Fund,24.0,8547004.0,3135.283685,1665.27603676,1470.00764824,201203.7874304,203431.47962057
2025,July,Focused Fund,28.0,5298700.0,2981.68520324,1375.7235319,1605.96167134,160567.17803635,161580.84632317
2025,July,Sectoral/Thematic Funds,224.0,31771659.0,18092.62943377,8666.60320591,9426.02622786,509519.20849021,509953.74211766
2025,July,ELSS,43.0,16873721.0,1662.73946106,2030.92329017,-368.183829109999,248202.51751418,251295.46809794
2025,July,Flexi Cap Fund,40.0,19448661.0,11378.2289679,3723.90189243,7654.32707547,493229.47165585,494656.51863463
2025,July,Sub Total - II (i+ii+iii+iv+v+vi+vii+viii+ix+x+xi),528.0,171277231.0,75084.27888438,32381.92579391,42702.35309047,3327781.81671867,3347899.3644989203
2025,July,Conservative Hybrid Fund,18.0,566649.0,738.40746182,430.23692902,308.1705328,29421.04246799,29335.74526753
2025,July,Balanced Hybrid Fund/Aggressive Hybrid Fund,31.0,5912528.0,4305.69448242,1942.13029039,2363.56419203,237969.21354423,240277.48253689
2025,July,Dynamic Asset Allocation/Balanced Advantage Fund,35.0,5425213.0,5996.09936958,3384.91178734,2611.18758224,305086.55245353,307392.81551097
2025,July,Multi Asset Allocation Fund,29.0,3459194.0,7480.7754642,1283.55716764,6197.21829656,128426.74021118,135201.00381369
2025,July,Arbitrage Fund,32.0,664338.0,29743.4019567,22447.70169238,7295.70026432001,256675.49446315,300840.51855547
2025,July,Equity Savings Fund,24.0,500437.0,3577.80073854,1474.17203784,2103.6287007,45727.48712074,48143.70818245
2025,July,Sub Total - III (i+ii+iii+iv+v+vi),169.0,16528359.0,51842.17947326,30962.70990461,20879.46956865001,1003306.53026082,1061191.273867
2025,July,Retirement Fund,29.0,3016170.0,316.29630371,197.39610628,118.90019743,31415.74661142,31812.87332464
2025,July,Childrens Fund,12.0,3117371.0,245.87798831,82.1905441,163.68744421,24138.40785882,24283.23114404
2025,July,Sub Total - IV (i+ii),41.0,6133541.0,562.17429202,279.58665038,282.58764164,55554.15447024,56096.10446868
2025,July,Index Funds,330.0,13698815.0,9229.2479502,6899.37473794,2329.87321226,305829.45866728,308319.11238421
2025,July,GOLD ETF,21.0,7869544.0,1444.3175497,188.2230642,1256.0944855,67634.5185222,66664.07388025
2025,July,Other ETFs,252.0,20810327.0,18136.0568436,13659.14441881,4476.91242479,844401.98576881,852466.94151856
2025,July,Fund of funds investing overseas,52.0,1391034.0,562.11439195,365.51825126,196.59614069,30167.65388854,29233.80878351
2025,July,Sub Total - V (i+ii+iii+iv),655.0,43769720.0,29371.73673545,21112.26047221,8259.47626324,1248033.61684683,1256683.93656653
2025,July,Total A-Open ended Schemes,1722.0,245220747.0,1438327.6205467102,1259402.50890916,178925.11163755012,7510341.999327259,7674618.256860239
2025,July,Fixed Term Plan,74.0,60773.0,0.0,48.2080230000001,-48.2080230000001,15072.44758955,15083.25573596
2025,July,Capital Protection Oriented Schemes,0.0,0.0,0.0,0.0,0.0,0.0,0.0
2025,July,Infrastructure Debt Fund,3.0,19.0,0.0,0.0,0.0,875.157348,871.0064331
2025,July,Other Debt Scheme,1.0,185895.0,15.79,68.66,-52.87,5361.28,5445.48
2025,July,Sub Total (i+ii+iii+iv),78.0,246687.0,15.79,116.8680230000001,-101.07802300000009,21308.88493755,21399.74216906
2025,July,ELSS,15.0,255907.0,0.0,29.72439492,-29.72439492,4275.53242953,4342.10802603
2025,July,Other Equity Schemes,0.0,0.0,0.0,0.0,0.0,0.0,0.0
2025,July,Sub Total (i+ii),15.0,255907.0,0.0,29.72439492,-29.72439492,4275.53242953,4342.10802603
2025,July,Total B -Close ended Schemes,93.0,502594.0,15.79,146.5924179200001,-130.8024179200001,25584.41736708,25741.85019509
2025,July,Total C Interval Schemes,4.0,998.0,0.0,0.0,0.0,44.2663,60.3538
2025,July,Grand Total,1819.0,245724339.0,1438343.4105467102,1259549.10132708,178794.30921963011,7535970.68299434,7700420.460855329
2023,June,Overnight Fund,32.0,694136.0,416700.11225814,412072.18122081,4627.93103733019,89223.42134252,104201.60439128
2023,June,Liquid Fund,36.0,1778066.0,383421.48888355,411966.94299663,-28545.4541130801,419555.58222452,497239.16577423
2023,June,Ultra Short Duration Fund,25.0,637819.0,18357.08753485,20243.66218868,-1886.57465383,97161.26603578,99418.43497091
2023,June,Low Duration Fund,21.0,930843.0,10672.60985066,7314.64251167,3357.96733899,99019.04535759,96792.69386087
2023,June,Money Market Fund,22.0,428088.0,34749.13362912,27922.0991522,6827.03447692,140034.52008924,138006.28560442
2023,June,Short Duration Fund,25.0,502719.0,1810.01780335,1997.08818106,-187.07037771,99138.82857537,99209.52928484
2023,June,Medium Duration Fund,15.0,254975.0,349.41499681,477.4625368,-128.04753999,27349.41655231,27483.14392181
2023,June,Medium to Long Duration Fund,12.0,106555.0,93.9152593900001,117.05302505,-23.1377656599999,9883.62658028,9900.75800488
2023,June,Long Duration Fund,7.0,47668.0,101.18913731,93.29424183,7.89489548000002,9183.1252994,9254.3066966
2023,June,Dynamic Bond Fund,22.0,232991.0,506.35416813,366.91043694,139.44373119,30210.27566056,30166.17288645
2023,June,Corporate Bond Fund,21.0,610771.0,3077.68234992,2525.22294056,552.459409360001,135476.03230296,135233.23646377
2023,June,Credit Risk Fund,15.0,238230.0,122.47779434,440.61129637,-318.13350203,24324.52812007,24479.58074517
2023,June,Banking and PSU Fund,23.0,289473.0,504.81756672,1303.72062707,-798.90306035,81815.40522941,82064.98469492
2023,June,Gilt Fund,22.0,180688.0,628.86867944,232.55218625,396.31649319,22702.57996237,22504.65809927
2023,June,Gilt Fund with 10 year constant duration,5.0,42164.0,67.4615652800001,72.19667274,-4.73510745999994,4230.46523552,4233.97556334
2023,June,Floater Fund,13.0,232214.0,6193.16569297,4345.67586827,1847.4898247,58174.50225095,56859.02358727
2023,June,Sub Total - I (i+ii+iii+iv+v+vi+vii+viii+ix+x+xi+xii+xiii+xiv+xv+xvi),316.0,7207400.0,877355.79716998,891491.3160829301,-14135.51891294991,1347482.62081885,1437047.5545500298
2023,June,Multi Cap Fund,19.0,4281290.0,2331.4777438,1596.79842391,734.67931989,78415.29037723,76283.71337273
2023,June,Large Cap Fund,31.0,12937115.0,3084.97137518,5134.58010625,-2049.60873107,259583.2284836,254471.92407478
2023,June,Large & Mid Cap Fund,26.0,7986403.0,3533.76036734,2387.07064794,1146.6897194,148217.79580655,144273.14682809
2023,June,Mid Cap Fund,29.0,11049628.0,4800.96034829,3052.45511745,1748.50523084,218145.9872133,211811.36927997
2023,June,Small Cap Fund,24.0,12267299.0,7357.35463719,1885.60129711,5471.75334008,168434.33248424,162184.19018031
2023,June,Dividend Yield Fund,9.0,752821.0,582.83555142,185.24277505,397.59277637,16236.99271705,15669.63350252
2023,June,Value Fund/Contra Fund,23.0,4936198.0,3482.83931886,1243.75562164,2239.08369722,104685.73318065,101451.32370406
2023,June,Focused Fund,27.0,5232806.0,1877.96856132,2896.27942305,-1018.31086173,109698.35593941,107903.79842859
2023,June,Sectoral/Thematic Funds,130.0,13344178.0,5035.06833531,4575.81353314,459.254802169999,196178.06821278,191586.54741282
2023,June,ELSS,43.0,15301801.0,1574.11626407,2048.97298269,-474.85671862,171034.49391586,167341.3762623
2023,June,Flexi Cap Fund,36.0,12784279.0,4380.38295623,4397.6784614,-17.2955051700001,272743.17051375,266987.02084464
2023,June,Sub Total - II (i+ii+iii+iv+v+vi+vii+viii+ix+x+xi),397.0,100873818.0,38041.73545901,29404.24838963,8637.487069379999,1743373.44884442,1699964.04389081
2023,June,Conservative Hybrid Fund,20.0,519553.0,498.77939908,388.63550817,110.14389091,24158.37190362,24019.10165118
2023,June,Balanced Hybrid Fund/Aggressive Hybrid Fund,31.0,5291966.0,2217.60415127,2606.61142859,-389.00727732,166686.76706463,164481.63111984
2023,June,Dynamic Asset Allocation/Balanced Advantage Fund,29.0,4430919.0,3516.24682045,3730.78146335,-214.534642899999,204997.10574077,202963.96013334
2023,June,Multi Asset Allocation Fund,13.0,1139849.0,1778.25854008,454.95816214,1323.30037794,31148.9373692,31587.773752
2023,June,Arbitrage Fund,26.0,435281.0,9754.82701425,6389.06808548,3365.75892877,80625.3484707,93046.66818186
2023,June,Equity Savings Fund,22.0,362326.0,1038.87661003,623.35294027,415.52366976,17888.9302561,17879.99230335
2023,June,Sub Total - III (i+ii+iii+iv+v+vi),141.0,12179894.0,18804.59253516,14193.407588000002,4611.184947160001,525505.4608050201,533979.12714157
2023,June,Retirement Fund,26.0,2774489.0,234.06992596,155.46008494,78.60984102,20199.112058,19820.50984519
2023,June,Childrens Fund,10.0,2933164.0,116.35377745,69.27766202,47.07611543,15887.9764288,15628.4439164
2023,June,Sub Total - IV (i+ii),36.0,5707653.0,350.42370341000003,224.73774696,125.68595645,36087.0884868,35448.953761590004
2023,June,Index Funds,185.0,4495761.0,3458.5115226,4364.25312074,-905.741598139999,175468.05008469,175540.56187178
2023,June,GOLD ETF,13.0,4752363.0,203.64800155,133.3244139,70.32358765,22339.3923904,22669.6836503
2023,June,Other ETFs,161.0,12124531.0,7638.4556318,4236.10338358,3402.35224822,538872.98131415,526095.63092557
2023,June,Fund of funds investing overseas,50.0,1348079.0,293.19016164,803.13301981,-509.94285817,23869.38710312,23844.30300717
2023,June,Sub Total - V (i+ii+iii+iv),409.0,22720734.0,11593.80531759,9536.81393803,2056.991379560001,760549.81089236,748150.17945482
2023,June,Total A-Open ended Schemes,1299.0,148689499.0,946146.35418515,944850.52374555,1295.83043960009,4412998.42984745,4454589.85879882
2023,June,Fixed Term Plan,92.0,134471.0,0.0,2199.02232467,-2199.02232467,19564.33099198,20818.36607923
2023,June,Capital Protection Oriented Schemes,3.0,2883.0,0.0,257.6409895,-257.6409895,119.11809265,170.2571168
2023,June,Infrastructure Debt Fund,7.0,52.0,0.0,0.0,0.0,2055.1651402,2050.3843712
2023,June,Other Debt Scheme,0.0,0.0,0.0,0.0,0.0,0.0,0.0
2023,June,Sub Total (i+ii+iii+iv),102.0,137406.0,0.0,2456.6633141700004,-2456.6633141700004,21738.61422483,23039.00756723
2023,June,ELSS,19.0,292193.0,0.0,34.80164381,-34.80164381,3723.6337443,3643.664013
2023,June,Other Equity Schemes,5.0,9876.0,0.0,357.89,-357.89,479.58,684.72
2023,June,Sub Total (i+ii),24.0,302069.0,0.0,392.69164381,-392.69164381,4203.2137443,4328.384013
2023,June,Total B -Close ended Schemes,126.0,439475.0,0.0,2849.35495798,-2849.35495798,25941.82796913,27367.39158023
2023,June,Total C Interval Schemes,12.0,2734.0,1.0104,469.8886,-468.8782,246.944,356.3312
2023,June,Grand Total,1437.0,149131708.0,946147.36458515,948169.76730353,-2022.4027183799103,4439187.20181658,4482313.581579049
2024,June,Overnight Fund,35.0,863087.0,450477.34574246,475620.06824342,-25142.7225009601,65516.91265891,93316.68223995
2024,June,Liquid Fund,36.0,1778436.0,336828.13825622,417182.16678024,-80354.02852402,420256.1992806,501285.48259929
2024,June,Ultra Short Duration Fund,24.0,631122.0,22051.6351931,24378.70882115,-2327.07362805,95660.20270483,98700.72793716
2024,June,Low Duration Fund,20.0,847689.0,18070.42306713,15871.37877969,2199.04428744,102366.29014716,98861.54353081
2024,June,Money Market Fund,23.0,430454.0,58904.85337533,49314.57003453,9590.28334080001,204137.14442834,197052.66241288
2024,June,Short Duration Fund,23.0,438621.0,9147.48183183,10241.89522121,-1094.41338938,102081.51697086,102321.21414008
2024,June,Medium Duration Fund,15.0,219933.0,178.51835029,640.1396504,-461.62130011,24983.49059634,25128.06542304
2024,June,Medium to Long Duration Fund,12.0,99224.0,229.07977255,101.12041872,127.95935383,10894.61704203,10826.79032127
2024,June,Long Duration Fund,9.0,66641.0,433.71925345,152.4251703,281.29408315,14423.12986952,14183.56733797
2024,June,Dynamic Bond Fund,22.0,216403.0,470.68919904,823.0059306,-352.31673156,32569.23032695,32577.74547061
2024,June,Corporate Bond Fund,21.0,541562.0,7207.23914264,10676.72013687,-3469.48099423,150648.39179962,151589.55921683
2024,June,Credit Risk Fund,14.0,197979.0,34.1500834,512.5518369,-478.4017535,22146.57143153,22348.71225272
2024,June,Banking and PSU Fund,22.0,245334.0,1996.31427574,4817.87407701,-2821.55980127,78756.30476919,80191.38704871
2024,June,Gilt Fund,21.0,189771.0,1744.38331751,2957.37263617,-1212.98931866,31752.36727272,32969.72159534
2024,June,Gilt Fund with 10 year constant duration,5.0,36681.0,49.92108329,895.45560828,-845.53452499,4487.70243058,4592.75170084
2024,June,Floater Fund,13.0,210277.0,1199.79198986,2195.84637903,-996.05438917,52551.94866054,52891.78254632
2024,June,Sub Total - I (i+ii+iii+iv+v+vi+vii+viii+ix+x+xi+xii+xiii+xiv+xv+xvi),315.0,7013214.0,909023.68393384,1016381.29972452,-107357.6157906801,1413232.0203897196,1518838.39577382
2024,June,Multi Cap Fund,25.0,6857791.0,6962.0456682,2253.47794353,4708.56772467,154024.92555408,148415.50688491
2024,June,Large Cap Fund,31.0,14129880.0,5723.74092297,4753.24957605,970.491346919998,345361.64922179,337253.01658535
2024,June,Large & Mid Cap Fund,29.0,9834494.0,5777.46612562,2865.27181128,2912.19431434,243589.3870866,236439.47829804
2024,June,Mid Cap Fund,29.0,15274241.0,7215.32837493,4687.49326952,2527.83510541,359426.17323463,349129.09473034
2024,June,Small Cap Fund,28.0,20296496.0,6965.91547356,4702.44176246,2263.4737111,296408.44501315,287417.0207376
2024,June,Dividend Yield Fund,9.0,952532.0,867.57273656,347.49953171,520.07320485,28229.28735993,27409.01517126
2024,June,Value Fund/Contra Fund,23.0,6721735.0,4121.26042507,2094.21142478,2027.04900029,173897.50911521,168655.82103383
2024,June,Focused Fund,28.0,5069662.0,2533.89115626,2820.51833112,-286.62717486,143382.38112463,140413.16588891
2024,June,Sectoral/Thematic Funds,172.0,22497544.0,30708.55908847,8356.86439941,22351.69468906,383271.18601553,363551.93603906
2024,June,ELSS,42.0,16371644.0,1942.97573831,2388.34558322,-445.36984491,239021.86193558,233489.07390265
2024,June,Flexi Cap Fund,39.0,15026296.0,8326.43397566,5267.62409985,3058.80987581,401386.07070758,390579.65526977
2024,June,Sub Total - II (i+ii+iii+iv+v+vi+vii+viii+ix+x+xi),455.0,133032315.0,81145.18968560999,40536.99773293,40608.191952680005,2767998.8763687103,2682752.78454172
2024,June,Conservative Hybrid Fund,19.0,542400.0,371.38144359,501.95569426,-130.57425067,27781.01093058,27634.33708159
2024,June,Balanced Hybrid Fund/Aggressive Hybrid Fund,31.0,5480053.0,2776.58568223,2728.06121729,48.5244649400001,214271.75678412,210611.38605087
2024,June,Dynamic Asset Allocation/Balanced Advantage Fund,33.0,4722817.0,4941.23215372,4297.06903697,644.163116750001,269771.87773144,266427.94967502
2024,June,Multi Asset Allocation Fund,24.0,2340890.0,4676.659765,1223.53758719,3453.12217781,83719.97922197,86461.89743221
2024,June,Arbitrage Fund,27.0,519317.0,24395.79113291,20559.20877149,3836.58236141999,180070.71359074,208890.23919511
2024,June,Equity Savings Fund,22.0,424433.0,2378.66249905,1375.74244181,1002.92005724,34154.42117458,33952.43307626
2024,June,Sub Total - III (i+ii+iii+iv+v+vi),156.0,14029910.0,39540.3126765,30685.57474901,8854.73792748999,809769.7594334299,833978.2425110601
2024,June,Retirement Fund,29.0,2923859.0,329.1839369,204.12380373,125.06013317,28713.14716136,28074.92162397
2024,June,Childrens Fund,11.0,2996772.0,144.506096,85.47734858,59.0287474199999,21248.69179868,20785.02093815
2024,June,Sub Total - IV (i+ii),40.0,5920631.0,473.6900329,289.60115231,184.08888058999992,49961.83896004,48859.94256212
2024,June,Index Funds,219.0,8730472.0,9393.45687899,4321.63808867,5071.81879032,243481.9573833,238259.83501982
2024,June,GOLD ETF,17.0,5409986.0,752.4299344,26.2667265,726.1632079,34355.74107161,34018.10568788
2024,June,Other ETFs,195.0,14907694.0,18275.65062819,9141.59454293,9134.05608526,744584.99088683,724458.06787942
2024,June,Fund of funds investing overseas,55.0,1453281.0,182.22887025,512.47007495,-330.2412047,25887.37288694,25716.81244454
2024,June,Sub Total - V (i+ii+iii+iv),486.0,30501433.0,28603.76631183,14001.969433050002,14601.796878779998,1048310.06222868,1022452.82103166
2024,June,Total A-Open ended Schemes,1452.0,190497503.0,1058786.6426406798,1101895.4427918196,-43108.8001511401,6089272.557380579,6106882.18642038
2024,June,Fixed Term Plan,79.0,67806.0,0.0,440.26,-440.26,15170.28379514,15326.93192241
2024,June,Capital Protection Oriented Schemes,0.0,0.0,0.0,0.0,0.0,0.0,0.0
2024,June,Infrastructure Debt Fund,4.0,30.0,0.0,0.0,0.0,1049.704939,1046.462104
2024,June,Other Debt Scheme,1.0,205732.0,17.75,68.26,-50.51,5432.45,5385.06
2024,June,Sub Total (i+ii+iii+iv),84.0,273568.0,17.75,508.52,-490.77,21652.43873414,21758.45402641
2024,June,ELSS,18.0,273632.0,0.0,35.23349959,-35.23349959,4494.89111189,4389.31118151
2024,June,Other Equity Schemes,0.0,0.0,0.0,0.0,0.0,0.0,0.0
2024,June,Sub Total (i+ii),18.0,273632.0,0.0,35.23349959,-35.23349959,4494.89111189,4389.31118151
2024,June,Total B -Close ended Schemes,102.0,547200.0,17.75,543.7534995899999,-526.0034995899999,26147.32984603,26147.76520792
2024,June,Total C Interval Schemes,12.0,2415.0,0.0113,1.75439999999998,-1.74309999999998,162.0287,196.8214
2024,June,Grand Total,1566.0,191047118.0,1058804.4039406795,1102440.9506914096,-43636.5467507301,6115581.915926609,6133226.7730283
2025,June,Overnight Fund,35.0,663083.0,569989.96423607,578144.45800098,-8154.49376491015,71480.92978037,104237.28277392
2025,June,Liquid Fund,38.0,1973815.0,503574.67716249,528770.76399621,-25196.0868337201,499856.82495546,584402.98813935
2025,June,Ultra Short Duration Fund,25.0,718333.0,31480.34206052,28536.58100294,2943.76105757999,132827.31502891,130140.43332136
2025,June,Low Duration Fund,22.0,849791.0,21118.17126993,17981.76960928,3136.40166065,131414.89293928,129766.89411385
2025,June,Money Market Fund,24.0,450098.0,93866.45267041,84382.16077816,9484.29189224998,290723.82345488,278402.59246697
2025,June,Short Duration Fund,24.0,488358.0,20113.17620728,9836.42770816,10276.74849912,133337.00368256,132173.68078332
2025,June,Medium Duration Fund,13.0,226670.0,378.53568204,439.51407904,-60.978397,25335.97711312,25330.04911105
2025,June,Medium to Long Duration Fund,13.0,104283.0,162.22431699,227.9931863,-65.7688693100001,11852.05125145,11934.07255038
2025,June,Long Duration Fund,11.0,96767.0,594.44027105,1040.32267857,-445.88240752,20538.5978213,20907.17071553
2025,June,Dynamic Bond Fund,22.0,236833.0,741.05260604,697.02166413,44.0309419099997,36912.2963087,37020.31427987
2025,June,Corporate Bond Fund,21.0,546232.0,13196.20892516,6071.72728707,7124.48163809,203199.04055811,201197.78849591
2025,June,Credit Risk Fund,14.0,183524.0,103.10758285,271.28980701,-168.18222416,20349.88953361,20396.08565939
2025,June,Banking and PSU Fund,22.0,239295.0,1969.78490349,1731.18655668,238.59834681,82228.63629058,82588.26998726
2025,June,Gilt Fund,23.0,232057.0,1562.00740132,2519.33050236,-957.323101040001,41449.72321421,42294.94425795
2025,June,Gilt Fund with 10 year constant duration,5.0,38371.0,50.87260074,192.66065418,-141.78805344,4935.09282277,5024.91662407
2025,June,Floater Fund,12.0,199600.0,2667.56245866,2436.83799484,230.72446382,51668.08151021,51830.59839279
2025,June,Sub Total - I (i+ii+iii+iv+v+vi+vii+viii+ix+x+xi+xii+xiii+xiv+xv+xvi),324.0,7247110.0,1261568.58035504,1263280.045505909,-1711.4651508702786,1758110.17626552,1857648.0816729693
2025,June,Multi Cap Fund,31.0,10058599.0,4717.89814996,1923.69634386,2794.2018061,204689.93958085,199461.03524393
2025,June,Large Cap Fund,33.0,16304538.0,5171.34071952,3477.00887533,1694.33184419,397470.46665678,389566.40510031
2025,June,Large & Mid Cap Fund,32.0,12262237.0,5847.93548336,2351.0241513,3496.91133206,302139.03351577,294474.57736616
2025,June,Mid Cap Fund,30.0,22005565.0,7539.52865289,3785.10931978,3754.41933311,431699.79269591,419404.14019262
2025,June,Small Cap Fund,30.0,25614974.0,7426.633143,3402.13554721,4024.49759579,354550.63244336,344307.60395219
2025,June,Dividend Yield Fund,10.0,1202199.0,385.37556016,339.82827554,45.5472846199999,33161.75421453,32586.64957052
2025,June,Value Fund/Contra Fund,24.0,8450603.0,2803.58165284,1644.14250533,1159.43914751,203756.28392224,199511.25331412
2025,June,Focused Fund,28.0,5270077.0,2338.90515081,1373.85873529,965.04641552,162172.56565809,158520.26016677
2025,June,Sectoral/Thematic Funds,217.0,31140356.0,9633.79156974,9158.18571595,475.605853789999,509344.82643616,499575.10148152
2025,June,ELSS,43.0,16894182.0,1553.64328641,2109.75540392,-556.11211751,253585.36145215,249033.12964922
2025,June,Flexi Cap Fund,40.0,18938944.0,9525.68852055,3792.5288971,5733.15962345,494278.82600008,482665.22640117
2025,June,Sub Total - II (i+ii+iii+iv+v+vi+vii+viii+ix+x+xi),518.0,168142274.0,56944.32188924,33357.27377061,23587.048118629995,3346849.48257592,3269105.38243853
2025,June,Conservative Hybrid Fund,18.0,560827.0,496.84869965,358.67259826,138.17610139,29084.82881079,28953.16499812
2025,June,Balanced Hybrid Fund/Aggressive Hybrid Fund,31.0,5847771.0,3323.39751296,1991.89723487,1331.50027809,238686.35962141,236080.74234331
2025,June,Dynamic Asset Allocation/Balanced Advantage Fund,35.0,5342869.0,4913.13809265,3027.60818332,1885.52990933,306648.51376395,303164.81967027
2025,June,Multi Asset Allocation Fund,29.0,3307121.0,4514.25146792,1304.27724682,3209.9742211,123584.50152472,130104.79473783
2025,June,Arbitrage Fund,32.0,647318.0,33989.86262522,18405.29028648,15584.57233874,249364.93168072,285570.19333137
2025,June,Equity Savings Fund,23.0,487952.0,2453.46758311,1380.57128117,1072.89630194,44639.455151,46181.21970216
2025,June,Sub Total - III (i+ii+iii+iv+v+vi),168.0,16193858.0,49690.96598151,26468.31683092,23222.64915059,992008.59055259,1030054.93478306
2025,June,Retirement Fund,29.0,3009203.0,271.58924686,193.11502427,78.4742225899999,31973.26483048,31446.29259718
2025,June,Childrens Fund,12.0,3103506.0,206.54642601,78.52162102,128.02480499,24174.5573652,23790.14690509
2025,June,Sub Total - IV (i+ii),41.0,6112709.0,478.13567287,271.63664529,206.4990275799999,56147.82219568,55236.439502270005
2025,June,Index Funds,324.0,13498534.0,8041.9698718,6998.88330847,1043.08656333,308996.38662273,304566.89408759
2025,June,GOLD ETF,20.0,7654158.0,2368.9897559,288.1441202,2080.8456357,64777.22585041,64833.42999959
2025,June,Other ETFs,246.0,20613868.0,16480.75774305,15636.33136378,844.42637927,859260.58904124,843878.10686522
2025,June,Fund of funds investing overseas,52.0,1375052.0,406.33591069,377.53758264,28.7983280500001,28695.42836012,27984.34227738
2025,June,Sub Total - V (i+ii+iii+iv),642.0,43141612.0,27298.05328144,23300.89637509,3997.15690635,1261729.6298745,1241262.77322978
2025,June,Total A-Open ended Schemes,1693.0,240837563.0,1395980.0571801,1346678.1691278191,49301.88805227972,7414845.70146421,7453307.611626609
2025,June,Fixed Term Plan,75.0,61624.0,0.0,144.798206,-144.798206,15041.58406521,15133.0990062
2025,June,Capital Protection Oriented Schemes,0.0,0.0,0.0,0.0,0.0,0.0,0.0
2025,June,Infrastructure Debt Fund,3.0,19.0,0.0,0.0,0.0,868.0837478,865.5971465
2025,June,Other Debt Scheme,1.0,187506.0,15.55,58.91,-43.36,5472.76,5464.72
2025,June,Sub Total (i+ii+iii+iv),79.0,249149.0,15.55,203.708206,-188.158206,21382.42781301,21463.4161527
2025,June,ELSS,15.0,256846.0,0.0,19.11820733,-19.11820733,4398.63994305,4324.40884125
2025,June,Other Equity Schemes,0.0,0.0,0.0,0.0,0.0,0.0,0.0
2025,June,Sub Total (i+ii),15.0,256846.0,0.0,19.11820733,-19.11820733,4398.63994305,4324.40884125
2025,June,Total B -Close ended Schemes,94.0,505995.0,15.55,222.82641333,-207.27641333,25781.06775606,25787.82499395
2025,June,Total C Interval Schemes,4.0,998.0,0.0,0.0,0.0,44.0718,60.0781
2025,June,Grand Total,1791.0,241344556.0,1395995.6071801002,1346900.995541149,49094.61163894972,7440670.841020269,7479155.514720559
2020,March,Overnight Fund,30.0,86255.0,798847.98170199,772194.39376762,26653.58793437,80174.20140544,90511.30926797
2020,March,Liquid Fund,39.0,1815547.0,395180.15514957,505217.21850628,-110037.06335671,334725.33097489,382240.34016745
2020,March,Ultra Short Duration Fund,29.0,650202.0,11796.48046329,40849.45732456,-29052.97686127,72226.35974777,87634.94085138
2020,March,Low Duration Fund,26.0,963640.0,10003.7815472,29924.90660951,-19921.12506231,81371.17079131,92105.77006425
2020,March,Money Market Fund,20.0,350429.0,16244.46388897,43646.76548971,-27402.30160074,57016.6527774,74256.44461432
2020,March,Short Duration Fund,28.0,359856.0,4811.69641526,15850.22942459,-11038.53300933,93444.33034961,99010.33341012
2020,March,Medium Duration Fund,18.0,221149.0,671.89607691,2836.03388255,-2164.13780564,28290.29651925,29623.7191732
2020,March,Medium to Long Duration Fund,14.0,108506.0,182.24787016,774.3034983,-592.05562814,9804.8020113,9805.2002907
2020,March,Long Duration Fund,2.0,27215.0,92.5152,35.8697,56.6455,1669.5783,1651.4171
2020,March,Dynamic Bond Fund,29.0,215543.0,847.15903233,1680.21738365,-833.05835132,18115.97015059,18621.46953673
2020,March,Corporate Bond Fund,20.0,391721.0,4902.35691664,8693.37055321,-3791.01363657,81729.8000022,83261.47417012
2020,March,Credit Risk Fund,23.0,461927.0,710.44054293,6279.23127839,-5568.79073546,55380.515156,58361.77035787
2020,March,Banking and PSU Fund,19.0,170392.0,4563.02839477,10867.46606461,-6304.43766984,72475.87929605,75147.35975768
2020,March,Gilt Fund,21.0,116938.0,1400.79705335,654.08641777,746.71063558,9284.97716612,8923.40230388
2020,March,Gilt Fund with 10 year constant duration,4.0,34206.0,138.5410188,54.9986892,83.5423296,941.4113746,895.4827457
2020,March,Floater Fund,7.0,162058.0,2398.664769,8148.276256,-5749.611487,32490.42715,35860.377146
2020,March,Sub Total - I (1+2+3+4+5+6+7+8+9+10+11+12+13+14+15+16),329.0,6135584.0,1252792.2060411698,1447706.8248459497,-194914.61880478,1029141.70317253,1147910.81095737
2020,March,Multi Cap Fund,34.0,9264215.0,5714.00391193,3445.629129,2268.37478293,113908.49093411,127487.33680223
2020,March,Large Cap Fund,29.0,10028315.0,6863.55562053,4802.99987556,2060.55574497,113541.26771524,126269.4205148
2020,March,Large & Mid Cap Fund,27.0,4735650.0,2063.10615003,1203.72153774,859.38461229,42971.98126554,48656.0550634
2020,March,Mid Cap Fund,27.0,6498964.0,3515.81927213,2282.64472946,1233.17454267,65804.84900895,75890.70862285
2020,March,Small Cap Fund,23.0,5128434.0,1777.66963048,1615.16751998,162.5021105,35832.0160805,42436.53115344
2020,March,Dividend Yield Fund,6.0,470525.0,21.4276202,50.52224562,-29.09462542,3282.01088442,3521.42646137
2020,March,Value Fund/Contra Fund,17.0,4131763.0,2145.88962036,1317.39117322,828.49844714,39459.51827006,44169.85841053
2020,March,Focused Fund,22.0,3570651.0,3202.72485281,1208.28257443,1994.44227838,39071.92028764,43178.89270401
2020,March,Sectoral/Thematic Funds,96.0,6528979.0,2616.84502055,1823.03872366,793.80629689,49844.14117489,55337.26045625
2020,March,ELSS,43.0,12335172.0,2188.14473806,637.04430371,1551.10043435,74791.49600714,83199.01685209
2020,March,Sub Total - II (17+18+19+20+21+22+23+24+25+26),324.0,62692668.0,30109.18643708,18386.44181238,11722.7446247,578507.69162849,650146.5070409701
2020,March,Conservative Hybrid Fund,22.0,386103.0,62.94016339,468.74172643,-405.80156304,11189.6657469,11603.79457715
2020,March,Balanced Hybrid Fund/Aggressive Hybrid Fund,33.0,5272614.0,2092.39365314,3607.96711661,-1515.57346347,100990.1657081,111519.18401592
2020,March,Dynamic Asset Allocation/Balanced Advantage,23.0,2657247.0,2516.9185326,2774.05520756,-257.13667496,77091.38867557,83711.22511351
2020,March,Multi Asset Allocation,8.0,631330.0,551.72411735,276.36328032,275.36083703,9439.40978579,11407.57727805
2020,March,Arbitrage Fund,25.0,296071.0,6389.17483271,40156.41861827,-33767.24378556,52210.30603667,72883.82591588
2020,March,Equity Savings,23.0,329350.0,94.06574309,883.24964411,-789.18390102,11228.9086327,12230.95516902
2020,March,Sub Total - III (27+28+29+30+31+32),134.0,9572715.0,11707.21704228,48166.7955933,-36459.57855102,262149.84458573,303356.56206953
2020,March,Retirement Fund,24.0,2544753.0,165.85171307,132.14299798,33.70871509,8507.07570752,9079.12919304
2020,March,Childrens Fund,9.0,2892087.0,56.02351386,20.66808164,35.35543222,7192.18552637,7665.42182086
2020,March,Sub Total - IV (33+34),33.0,5436840.0,221.87522693,152.81107962,69.06414731,15699.26123389,16744.5510139
2020,March,Index Funds,32.0,544075.0,2504.79311157,428.31603396,2076.47707761,8089.0051958,7662.69075989
2020,March,GOLD ETF,11.0,526671.0,243.49196381,438.44490038,-194.95293657,7949.06551161,7794.46255324
2020,March,Other ETFs,76.0,1899781.0,13539.65400794,8704.76436445,4834.88964349,146462.68368566,156551.33730481
2020,March,Fund of funds investing overseas,28.0,189784.0,300.063781,103.18467917,196.87910183,2734.36170878,2696.94191201
2020,March,Sub Total - V (35+36+37+38),147.0,3160311.0,16588.00286432,9674.70997796,6913.292886359999,165235.11610185,174705.43252995
2020,March,Total A-Open ended Schemes,967.0,86998118.0,1311418.4876117797,1524087.5833092094,-212669.09569743,2050733.6167224904,2292863.8636117205
2020,March,Fixed Term Plan,742.0,851658.0,671.368282,156.506059,514.862223,140594.53157072,140039.68072546
2020,March,Capital Protection Oriented Schemes,31.0,107535.0,45.7322045,368.7792781,-323.0470736,4209.9741511,4225.3466109
2020,March,Infrastructure Debt Fund,9.0,89.0,0.0,0.0,0.0,2391.37343,2399.471251
2020,March,Other Debt,33.0,83390.0,0.0,0.0001,-0.0001,3426.8797,3568.848
2020,March,Sub Total (i+ii+iii+iv),815.0,1042672.0,717.1004865,525.2854371,191.8150494,150622.75885182,150233.34658736002
2020,March,ELSS,25.0,470566.0,0.0,11.7245581,-11.7245581,3044.9476311,3450.6016577
2020,March,Others,86.0,1230807.0,0.0,226.1459,-226.1459,21408.90414978,23921.21088206
2020,March,Sub Total (i+ii),111.0,1701373.0,0.0,237.8704581,-237.8704581,24453.85178088,27371.81253976
2020,March,Total B -Close ended Schemes,926.0,2744045.0,717.1004865,763.1558952,-46.055408700000015,175076.6106327,177605.15912712002
2020,March,Total C Interval Schemes,23.0,3888.0,0.0389,21.9844,-21.9455,392.654,413.2544
2020,March,Grand Total,1916.0,89746051.0,1312135.6269982797,1524872.7236044095,-212737.09660613,2226202.88135519,2470882.2771388404
2021,March,Overnight Fund,30.0,123221.0,348834.222183,343807.071305,5027.15087800001,71008.51071828,89119.40004329
2021,March,Liquid Fund,38.0,2228970.0,315768.36159711,335152.03806454,-19383.67646743,336598.21904241,367556.58593186
2021,March,Ultra Short Duration Fund,28.0,799537.0,15848.9155699,22579.99210792,-6731.07653802,91997.50913699,95646.06051068
2021,March,Low Duration Fund,25.0,1226301.0,24565.35817086,40412.69425507,-15847.33608421,129767.38540777,134496.53704206
2021,March,Money Market Fund,18.0,484464.0,28431.96736845,35469.70064223,-7037.73327378,89757.8821228,94943.97908427
2021,March,Short Duration Fund,27.0,698566.0,6128.82792846,15153.96605501,-9025.13812655,145661.88510598,148687.60774824
2021,March,Medium Duration Fund,16.0,299850.0,1903.60654062,1318.09359138,585.51294924,31740.47586427,31223.46486454
2021,March,Medium to Long Duration Fund,13.0,123703.0,583.27802414,1037.86028806,-454.58226392,10390.0935784,10298.7980212
2021,March,Long Duration Fund,2.0,29840.0,72.4284,29.9815,42.4469,2577.9835,2522.5909
2021,March,Dynamic Bond Fund,25.0,285119.0,3596.19306092,1770.54697474,1825.64608618,27551.97073058,25940.69578879
2021,March,Corporate Bond Fund,21.0,713303.0,11432.00974469,8877.94539746,2554.06434723,160125.48336646,155822.8504468
2021,March,Credit Risk Fund,18.0,326233.0,621.49948545,791.22022721,-169.72074176,28307.79163754,28235.7651815
2021,March,Banking and PSU Fund,22.0,384593.0,4537.9635954,11046.28200994,-6508.31841454,119558.58890562,121727.56525577
2021,March,Gilt Fund,21.0,213245.0,1051.53165989,1615.59713959,-564.0654797,16245.71387658,16290.62577643
2021,March,Gilt Fund with 10 year constant duration,4.0,57385.0,41.8996484,112.3118721,-70.4122237,1500.2190253,1509.6801625
2021,March,Floater Fund,10.0,251799.0,10073.5959227,6844.4263023,3229.1696204,65435.9671502,64094.6562026
2021,March,Sub Total - I (i+ii+iii+iv+v+vi+vii+viii+ix+x+xi+xii+xiii+xiv+xv+xvi),318.0,8246129.0,773491.6588999899,826019.7277325499,-52528.06883255999,1328225.6791691796,1388116.8629605295
2021,March,Multi Cap Fund,10.0,1396229.0,324.13608296,515.94807867,-191.81199571,19891.2922423,20315.8417232
2021,March,Large Cap Fund,32.0,10581870.0,4721.53575905,3998.35966265,723.1760964,178324.33685099,180427.69206579
2021,March,Large & Mid Cap Fund,28.0,5017194.0,2212.02131019,1267.08222223,944.93908796,76427.67890344,76502.59140367
2021,March,Mid Cap Fund,27.0,6660657.0,3506.81315352,2004.27826309,1502.53489043,116403.4711964,116000.44733801
2021,March,Small Cap Fund,24.0,5055627.0,1934.10209784,1598.1565355,335.94556234,69799.3591858,69481.0117244
2021,March,Dividend Yield Fund,7.0,502856.0,114.49804839,89.56628274,24.93176565,6735.2530916,6757.7498401
2021,March,Value Fund/Contra Fund,18.0,3749461.0,931.283603,1130.20692046,-198.92331746,61149.81914181,61699.49253041
2021,March,Focused Fund,25.0,3927912.0,2197.31048241,1170.62269085,1026.68779156,68603.20612368,68918.88308237
2021,March,Sectoral/Thematic Funds,106.0,7877874.0,4548.05349821,2538.70213469,2009.35136352,98079.64333018,97551.24299273
2021,March,ELSS,42.0,12604158.0,3554.52295088,2002.27729231,1552.24565857,125228.29231707,125334.19972826
2021,March,Flexi Cap Fund,25.0,8370526.0,3979.10539345,2593.06701038,1386.03838307,158724.8519337,159578.29820837
2021,March,Sub Total - II (i+ii+iii+iv+v+vi+vii+viii+ix+x+xi),344.0,65744364.0,28023.3823799,18908.26709357,9115.11528633,979367.20431697,982567.45063731
2021,March,Conservative Hybrid Fund,21.0,381152.0,649.32825985,330.09816456,319.23009529,12915.8004222,12787.21334176
2021,March,Balanced Hybrid Fund/Aggressive Hybrid Fund,34.0,4753093.0,2708.85552891,2718.19169812,-9.33616921000021,123075.17997172,124123.13461072
2021,March,Dynamic Asset Allocation/Balanced Advantage Fund,24.0,2840426.0,4830.03950199,2118.99473019,2711.0447718,107882.56781664,109118.90278872
2021,March,Multi Asset Allocation Fund,10.0,719116.0,504.26840101,369.4085859,134.85981511,14795.07452641,15640.81271189
2021,March,Arbitrage Fund,27.0,438567.0,8300.94162146,5213.00342362,3087.93819784,74530.00516608,80633.38193293
2021,March,Equity Savings Fund,23.0,289451.0,287.08219297,320.77117129,-33.68897832,9758.59865408,10092.72232492
2021,March,Sub Total - III (i+ii+iii+iv+v+vi),139.0,9421805.0,17280.51550619,11070.46777368,6210.04773251,342957.22655713,352396.16771094
2021,March,Retirement Fund,25.0,2626188.0,238.9326319,167.95401811,70.97861379,13569.265221,13561.800979
2021,March,Childrens Fund,10.0,2883877.0,68.94919871,46.01481352,22.93438519,10807.56210774,10827.01879085
2021,March,Sub Total - IV (i+ii),35.0,5510065.0,307.88183061,213.96883163,93.91299898,24376.82732874,24388.81976985
2021,March,Index Funds,44.0,1014993.0,2883.44334542,757.06249574,2126.38084968,19164.17902041,17912.41084022
2021,March,GOLD ETF,11.0,1299324.0,689.59645832,27.14489,662.45156832,14122.72037416,14050.27152767
2021,March,Other ETFs,92.0,4255464.0,17416.9679014,13784.81018513,3632.15771627,275930.80960511,278367.72543476
2021,March,Fund of funds investing overseas,35.0,696682.0,2013.89905239,237.67915185,1776.21990054,12407.91044962,11327.56817884
2021,March,Sub Total - V (i+ii+iii+iv),182.0,7266463.0,23003.90675753,14806.69672272,8197.21003481,321625.61944929993,321657.97598149
2021,March,Total A-Open ended Schemes,1018.0,96188826.0,842107.3453742198,871019.1281541499,-28911.782779929992,2996552.55682132,3069127.2770601194
2021,March,Fixed Term Plan,582.0,518249.0,1099.92201049,35.7,1064.22201049,118772.36432967,119842.17375725
2021,March,Capital Protection Oriented Schemes,21.0,57446.0,0.0,107.2991,-107.2991,2589.050879,2611.9323947
2021,March,Infrastructure Debt Fund,9.0,89.0,0.0,0.0,0.0,2262.152509,2256.780193
2021,March,Other Debt Scheme,8.0,17979.0,0.0,0.0,0.0,712.3017641,734.1984435
2021,March,Sub Total (i+ii+iii+iv),620.0,593763.0,1099.92201049,142.9991,956.92291049,124335.86948177002,125445.08478845
2021,March,ELSS,25.0,432027.0,0.0,104.35845806,-104.35845806,4717.4551163,4804.8094498
2021,March,Other Equity Schemes,51.0,647506.0,0.01,1634.6319,-1634.6219,17036.10378635,17661.41194702
2021,March,Sub Total (i+ii),76.0,1079533.0,0.01,1738.99035806,-1738.98035806,21753.55890265,22466.22139682
2021,March,Total B -Close ended Schemes,696.0,1673296.0,1099.93201049,1881.98945806,-782.05744757,146089.42838442005,147911.30618527
2021,March,Total C Interval Schemes,21.0,3407.0,0.0444,51.6115,-51.5671,121.5197,156.0569
2021,March,Grand Total,1735.0,97865529.0,843207.3217847098,872952.7291122099,-29745.4073275,3142763.50490574,3217194.64014539
2022,March,Overnight Fund,30.0,560319.0,501715.3531311,514567.4570206,-12852.1038895003,103071.3272414,125062.96671732
2022,March,Liquid Fund,37.0,1753074.0,311582.55079854,356186.2690065,-44603.7182079596,345903.47372478,388477.17392706
2022,March,Ultra Short Duration Fund,27.0,618499.0,21425.7752171,24265.91229819,-2840.13708108998,87948.43451468,88587.90153684
2022,March,Low Duration Fund,22.0,1054564.0,11027.47958484,19973.91040179,-8946.43081695001,112744.6659018,114927.5685599
2022,March,Money Market Fund,20.0,416283.0,32554.0821425,38040.7846337,-5486.70249120001,114219.14552448,115135.62658774
2022,March,Short Duration Fund,25.0,576126.0,3201.8008249,12256.71336529,-9054.91254039,115856.36300406,119659.34051199
2022,March,Medium Duration Fund,16.0,282861.0,386.93768221,1187.33642409,-800.398741879999,32983.45957539,33374.76033296
2022,March,Medium to Long Duration Fund,13.0,115666.0,68.8728802100004,1136.66155848,-1067.78867827,10054.525821,10410.5066549
2022,March,Long Duration Fund,2.0,24559.0,15.1602,26.942,-11.7818,2523.4936,2515.5504
2022,March,Dynamic Bond Fund,25.0,233672.0,319.84056377,1204.62206743,-884.78150366,25312.043202,25683.58722111
2022,March,Corporate Bond Fund,21.0,661554.0,3576.45120449,15543.68694801,-11967.23574352,130073.35916185,132661.7748315
2022,March,Credit Risk Fund,15.0,271688.0,213.27772185,611.85126355,-398.573541700001,27772.3609941,27852.84671368
2022,March,Banking and PSU Fund,22.0,331836.0,871.963306699996,8869.6431535,-7997.67984680001,93383.3326161,96623.5544081
2022,March,Gilt Fund,21.0,178641.0,377.82576727,878.022328000001,-500.196560730001,15222.24881116,15285.78634248
2022,March,Gilt Fund with 10 year constant duration,4.0,44766.0,17.0844681,90.3811486,-73.2966805,1261.0184916,1271.5465957
2022,March,Floater Fund,12.0,262624.0,4946.3044985,12284.3325272,-7338.02802869999,80631.8069918,80726.7765088
2022,March,Sub Total - I (i+ii+iii+iv+v+vi+vii+viii+ix+x+xi+xii+xiii+xiv+xv+xvi),312.0,7386732.0,892300.7599920803,1007124.5261449304,-114823.76615284989,1298961.0591762003,1378257.2678500805
2022,March,Multi Cap Fund,14.0,3082531.0,10196.3307098,501.770174570001,9694.56053523,54932.2386431,50426.8884129
2022,March,Large Cap Fund,31.0,12444858.0,5297.47253154,2245.23083586001,3052.24169567999,226190.6589099,218707.39275489
2022,March,Large & Mid Cap Fund,27.0,6729990.0,4298.01470486,1133.34340118,3164.67130368,110143.119054,105287.3439696
2022,March,Mid Cap Fund,26.0,8705192.0,3721.30381794,1528.11192249,2193.19189545,159928.02345807,154141.32200947
2022,March,Small Cap Fund,24.0,7870459.0,2942.44463,1246.81146111,1695.63316889,106857.2980142,102992.2161022
2022,March,Dividend Yield Fund,8.0,567533.0,159.02204395,109.2147666,49.8072773499998,9818.940699,9614.674688
2022,March,Value Fund/Contra Fund,22.0,4022810.0,1599.61512551,829.29998376,770.315141749999,78773.5216074,76436.3840318
2022,March,Focused Fund,26.0,5067076.0,3628.09577355,1317.71128093,2310.38449262,96710.24467537,93514.98984526
2022,March,Sectoral/Thematic Funds,117.0,11894913.0,5224.10291301,4916.98491166,307.118001349998,148830.46986962,144894.14239631
2022,March,ELSS,39.0,13896408.0,4078.16671139,1401.82199362,2676.34471777,147840.96806141,141776.42863953
2022,March,Flexi Cap Fund,31.0,11648458.0,5263.39849445999,2714.17524583,2549.22324862999,225430.2705002,217926.7511032
2022,March,Sub Total - II (i+ii+iii+iv+v+vi+vii+viii+ix+x+xi),365.0,85930228.0,46407.96745600998,17944.47597761001,28463.49147839997,1365455.75349227,1315718.53395316
2022,March,Conservative Hybrid Fund,21.0,504505.0,664.717511770001,390.6684514,274.049060370001,21073.63581745,20693.73816856
2022,March,Balanced Hybrid Fund/Aggressive Hybrid Fund,32.0,5050651.0,2813.47528764,1657.41068126,1156.06460638,148518.70105295,145256.47629711
2022,March,Dynamic Asset Allocation/Balanced Advantage Fund,25.0,4245466.0,4082.96801145001,2363.73322424,1719.23478721001,178862.65474203,176356.43195221
2022,March,Multi Asset Allocation Fund,10.0,795488.0,451.93262725,258.78226281,193.15036444,19582.47426629,20325.40603392
2022,March,Arbitrage Fund,25.0,499685.0,8226.56800884999,15023.12402592,-6796.55601707,95216.56663572,110447.47194821
2022,March,Equity Savings Fund,22.0,354715.0,768.22710788,917.779808820001,-149.55270094,16664.0643587,16945.1010705
2022,March,Sub Total - III (i+ii+iii+iv+v+vi),135.0,11450510.0,17007.88855484,20611.49845445,-3603.609899609989,479918.09687314,490024.62547051
2022,March,Retirement Fund,25.0,2684311.0,202.29293244,127.24862728,75.0443051600002,16405.5252068,16021.3905064
2022,March,Childrens Fund,10.0,2894434.0,101.92997205,36.33228321,65.5976888399999,13131.2310683,12841.6528983
2022,March,Sub Total - IV (i+ii),35.0,5578745.0,304.22290449,163.58091049,140.64199400000012,29536.7562751,28863.0434047
2022,March,Index Funds,93.0,2469089.0,13767.06583711,1453.86868799,12313.19714912,68675.74359202,58096.85144031
2022,March,GOLD ETF,11.0,4241840.0,387.62796945,182.4782,205.14976945,19280.89014828,19369.57235475
2022,March,Other ETFs,124.0,10541730.0,11996.4618536,5089.9427341,6906.51911949999,411362.41347355,397042.8907423
2022,March,Fund of funds investing overseas,45.0,1254895.0,437.45596915,457.55766372,-20.1016945700003,22609.17971502,21830.64525292
2022,March,Sub Total - V (i+ii+iii+iv),273.0,18507554.0,26588.61162931,7183.84728581,19404.764343499988,521928.22692887,496339.95979028
2022,March,Total A-Open ended Schemes,1120.0,128853769.0,982609.45053673,1053027.9287732902,-70418.4782365599,3695799.892745581,3709203.4304687306
2022,March,Fixed Term Plan,296.0,190581.0,1364.4497134,566.499395799998,797.950317600002,48381.24950711,48657.61576683
2022,March,Capital Protection Oriented Schemes,13.0,30736.0,0.0,0.0,0.0,1619.3161881,1610.4785836
2022,March,Infrastructure Debt Fund,8.0,80.0,0.0,0.0,0.0,2002.7042551,1990.3872101
2022,March,Other Debt Scheme,1.0,717.0,0.0,0.0,0.0,60.14,59.68
2022,March,Sub Total (i+ii+iii+iv),318.0,222114.0,1364.4497134,566.499395799998,797.950317600002,52063.40995030999,52318.16156053
2022,March,ELSS,19.0,313073.0,0.0,63.7258752,-63.7258752,3752.6791749,3665.5468054
2022,March,Other Equity Schemes,17.0,112646.0,0.0,147.389999999999,-147.389999999999,4520.050886,4556.088133
2022,March,Sub Total (i+ii),36.0,425719.0,0.0,211.11587519999887,-211.11587519999887,8272.7300609,8221.6349384
2022,March,Total B -Close ended Schemes,354.0,647833.0,1364.4497134,777.6152709999969,586.834442400003,60336.14001121,60539.79649893
2022,March,Total C Interval Schemes,21.0,3050.0,85.0429,136.668,-51.6251,546.5389,552.563
2022,March,Grand Total,1495.0,129504652.0,984058.94315013,1053942.2120442905,-69883.26889415989,3756682.571656791,3770295.789967661
2023,March,Overnight Fund,32.0,628550.0,476647.4014982,484785.63796704,-8138.23646883946,95625.58011598,123909.32441123
2023,March,Liquid Fund,36.0,1773500.0,321565.79904564,378489.92582655,-56924.12678091,332498.15397999,409884.68267113
2023,March,Ultra Short Duration Fund,25.0,633103.0,15315.70306942,25596.46284742,-10280.759778,79122.51289769,85469.52503494
2023,March,Low Duration Fund,21.0,940074.0,9534.34807007,15713.99878196,-6179.65071189,86692.52761761,89490.96077831
2023,March,Money Market Fund,22.0,422082.0,26294.5433476,37716.18851604,-11421.64516844,108468.11987374,113374.54318701
2023,March,Short Duration Fund,25.0,507214.0,8246.8171741,8565.85454708,-319.037372980005,91238.61203153,90588.81232917
2023,March,Medium Duration Fund,15.0,256052.0,2071.68045956,1102.74108615,968.939373409999,27090.56178032,25912.64158257
2023,March,Medium to Long Duration Fund,12.0,106926.0,320.73186513,192.5251462,128.20671893,8894.71323699,8704.9488695
2023,March,Long Duration Fund,7.0,45546.0,4722.9910253,47.99960923,4674.99141607,8797.8767456,4647.6619553
2023,March,Dynamic Bond Fund,22.0,229940.0,6427.32371631,766.571831650001,5660.75188466,29286.89035995,24019.39422502
2023,March,Corporate Bond Fund,21.0,617379.0,19261.04606094,3634.8817785,15626.16428244,130766.62457795,116845.19044666
2023,March,Credit Risk Fund,15.0,246438.0,1022.24657018,865.37078247,156.87578771,24776.35291953,24364.04315713
2023,March,Banking and PSU Fund,23.0,297318.0,9253.45179471,2757.20009363,6496.25170108,80517.19393968,73613.89264693
2023,March,Gilt Fund,22.0,176253.0,4837.26435186,406.69190341,4430.57244845,21458.09589865,17472.81411124
2023,March,Gilt Fund with 10 year constant duration,5.0,42565.0,1996.25241714,60.53209842,1935.72031872,3759.83732315,2034.20354086
2023,March,Floater Fund,12.0,236780.0,1993.38307035,5692.53248144,-3699.14941109,52988.70999258,55216.50694162
2023,March,Sub Total - I (i+ii+iii+iv+v+vi+vii+viii+ix+x+xi+xii+xiii+xiv+xv+xvi),315.0,7159720.0,909510.98353651,966395.11529719,-56884.13176067946,1181982.36329094,1265549.1458886198
2023,March,Multi Cap Fund,19.0,4142895.0,1726.04079066,1009.07394162,716.966849040002,67337.88354748,67168.32442077
2023,March,Large Cap Fund,31.0,12973512.0,3684.09296758,2772.80349297,911.289474609996,235760.09600154,234482.1782646
2023,March,Large & Mid Cap Fund,26.0,7809179.0,3211.62206313,1592.76107671,1618.86098642,127841.82080234,126809.629888
2023,March,Mid Cap Fund,29.0,10612983.0,3942.91570409,1813.98929074,2128.92641335,183255.53730231,183088.76485084
2023,March,Small Cap Fund,24.0,10899311.0,3747.10653466,1317.06944019,2430.03709447,133383.68504118,132944.50355584
2023,March,Dividend Yield Fund,9.0,721832.0,3837.69738188,121.95201599,3715.74536589,13994.07509943,12320.89424111
2023,March,Value Fund/Contra Fund,22.0,4666901.0,1790.93611804,746.957497790001,1043.97862025,90583.59817359,89947.65950952
2023,March,Focused Fund,26.0,5315932.0,1762.9531433,1515.70009428,247.253049020001,98672.56826747,98654.80294676
2023,March,Sectoral/Thematic Funds,126.0,13175494.0,6667.18624744999,2738.22094912,3928.96529833,172819.48110907,170195.32771082
2023,March,ELSS,43.0,15272141.0,4208.01140769,1522.4330048,2685.57840289,151751.21496222,149876.90779801
2023,March,Flexi Cap Fund,35.0,12701619.0,4062.26176283,2955.65806497,1106.60369786,241682.53586444,240773.81761442
2023,March,Sub Total - II (i+ii+iii+iv+v+vi+vii+viii+ix+x+xi),390.0,98291799.0,38640.82412130999,18106.61886918,20534.20525213,1517082.4961710705,1506262.81080069
2023,March,Conservative Hybrid Fund,20.0,519049.0,802.47924549,519.61563046,282.86361503,23170.17931103,22786.74331121
2023,March,Balanced Hybrid Fund/Aggressive Hybrid Fund,31.0,5317925.0,1909.96387584,1938.77602279,-28.8121469500002,153898.71129614,153839.50825329
2023,March,Dynamic Asset Allocation/Balanced Advantage Fund,28.0,4447644.0,2921.60811222,3365.97806957,-444.369957350005,191809.7636731,192521.26948046
2023,March,Multi Asset Allocation Fund,11.0,1053181.0,805.333343799999,332.11423137,473.219112429999,26590.889226,27672.5350711
2023,March,Arbitrage Fund,26.0,445949.0,5458.29019911,17615.8496064,-12157.55940729,67435.21446817,87315.98406848
2023,March,Equity Savings Fund,22.0,361815.0,341.66586982,839.0511382,-497.38526838,16012.07390811,16864.39985126
2023,March,Sub Total - III (i+ii+iii+iv+v+vi),138.0,12145563.0,12239.34064628,24611.38469879,-12372.044052510006,478916.83188255,501000.4400358
2023,March,Retirement Fund,26.0,2759419.0,255.17455316,111.35080405,143.82374911,17993.42108083,17856.05810128
2023,March,Childrens Fund,10.0,2927533.0,122.3607883,42.21476047,80.14602783,14340.1098572,14229.8072438
2023,March,Sub Total - IV (i+ii),36.0,5686952.0,377.53534146,153.56556452,223.96977694,32333.53093803,32085.86534508
2023,March,Index Funds,177.0,3853245.0,33255.66579606,6027.36745676,27228.2983393,167517.16740667,144601.76115822
2023,March,GOLD ETF,12.0,4699537.0,373.6340873,640.2047556,-266.5706683,22736.98553437,21942.12565547
2023,March,Other ETFs,160.0,12064198.0,16145.6009006,16476.1987089,-330.597808300008,484277.1779543,479155.28368609
2023,March,Fund of funds investing overseas,50.0,1302024.0,777.996900280001,605.03565757,172.961242710001,22991.15076243,21868.53384319
2023,March,Sub Total - V (i+ii+iii+iv),399.0,21919004.0,50552.89768424,23748.80657883,26804.091105409992,697522.4816577701,667567.7043429699
2023,March,Total A-Open ended Schemes,1278.0,145203038.0,1011321.5813298002,1033015.49100851,-21693.90967870948,3907837.70394036,3972465.96641316
2023,March,Fixed Term Plan,122.0,154962.0,3878.0977663,1466.3370235,2411.7607428,24372.45145629,22366.76181612
2023,March,Capital Protection Oriented Schemes,7.0,12655.0,0.0,0.0,0.0,639.5572932,637.813902
2023,March,Infrastructure Debt Fund,7.0,52.0,0.0,0.0,0.0,1981.9769287,1976.6639857
2023,March,Other Debt Scheme,0.0,0.0,0.0,0.0,0.0,0.0,0.0
2023,March,Sub Total (i+ii+iii+iv),136.0,167669.0,3878.0977663,1466.3370235,2411.7607428,26993.98567819,24981.239703820003
2023,March,ELSS,19.0,297534.0,0.0,28.2970559,-28.2970559,3395.0114281,3400.8773791
2023,March,Other Equity Schemes,10.0,59513.0,0.0,315.56,-315.56,2804.6882019,2881.5825146
2023,March,Sub Total (i+ii),29.0,357047.0,0.0,343.8570559,-343.8570559,6199.69963,6282.4598937
2023,March,Total B -Close ended Schemes,165.0,524716.0,3878.0977663,1810.1940794,2067.9036869,33193.685308190004,31263.699597520004
2023,March,Total C Interval Schemes,12.0,2846.0,469.9043,108.1621,361.7422,999.291,907.9309
2023,March,Grand Total,1455.0,145730600.0,1015669.5833961002,1034933.84718791,-19264.26379180948,3942030.680248551,4004637.59691068
2024,March,Overnight Fund,35.0,900146.0,522110.9196656,529103.41650667,-6992.49684107024,61313.51395471,103701.32907184
2024,March,Liquid Fund,36.0,1782854.0,313033.72053295,471004.09923817,-157970.37870522,363509.6864555,475830.21071314
2024,March,Ultra Short Duration Fund,24.0,633208.0,18962.12736475,28097.08034825,-9134.95298349997,83560.9129155,90056.3251285
2024,March,Low Duration Fund,20.0,877506.0,13081.16810814,19238.09487308,-6156.92676494,90211.9494132,93360.9196359
2024,March,Money Market Fund,23.0,430626.0,44179.10144485,52898.85567688,-8719.75423202995,148893.1139009,154270.0472462
2024,March,Short Duration Fund,23.0,456155.0,4760.66423126,11210.69617208,-6450.03194082,99004.17824611,102189.84195387
2024,March,Medium Duration Fund,15.0,230314.0,170.7781852,535.23012204,-364.45193684,25975.5342264,26040.6670183
2024,March,Medium to Long Duration Fund,12.0,100915.0,130.93684609,240.46490679,-109.5280607,10497.4946191,10479.9758772
2024,March,Long Duration Fund,9.0,64858.0,895.81480112,123.52162022,772.2931809,12768.58592519,12380.63939342
2024,March,Dynamic Bond Fund,22.0,220569.0,505.05589474,642.95680358,-137.90090884,31617.12607164,31604.59727825
2024,March,Corporate Bond Fund,21.0,560652.0,6312.88328577,6604.75117714,-291.867891369991,147360.534841,147138.1929706
2024,March,Credit Risk Fund,14.0,208971.0,53.8753808500001,374.99909995,-321.1237191,23141.3530899,23212.9106397
2024,March,Banking and PSU Fund,23.0,257714.0,3153.67957629,2922.00112188,231.678454410001,80890.5433572,80385.667465
2024,March,Gilt Fund,21.0,186552.0,1400.37748265,1938.87526189,-538.49777924,27267.7264664,27613.3063605
2024,March,Gilt Fund with 10 year constant duration,5.0,38142.0,122.29901178,64.25633554,58.04267624,4742.1648909,4699.8578868
2024,March,Floater Fund,13.0,215735.0,1094.97387531,3267.98017005,-2173.00629474,51469.1553926,52581.5569694
2024,March,Sub Total - I (i+ii+iii+iv+v+vi+vii+viii+ix+x+xi+xii+xiii+xiv+xv+xvi),316.0,7164917.0,929968.3756873498,1128267.2794342104,-198298.90374686016,1262223.57376625,1435546.04560862
2024,March,Multi Cap Fund,24.0,6071425.0,3334.44512639,1506.99871735,1827.44640904,124681.6919005,122872.0647424
2024,March,Large Cap Fund,31.0,13668455.0,5661.97186318,3534.18511491,2127.78674826999,314154.5680974,310340.5840797
2024,March,Large & Mid Cap Fund,29.0,9277595.0,5036.97529505,1821.39930489,3215.57599016,205736.8557832,202389.4421947
2024,March,Mid Cap Fund,29.0,14015426.0,4943.78517865,3926.09759622,1017.68758243,296985.7151392,293303.1094389
2024,March,Small Cap Fund,27.0,19028082.0,5721.99364582999,5816.16219306,-94.1685472300087,243368.3707106,242443.5311037
2024,March,Dividend Yield Fund,9.0,877410.0,615.705234,293.1678031,322.5374309,23914.563015,23792.1625913
2024,March,Value Fund/Contra Fund,23.0,6178068.0,2987.99879468,1279.84933267,1708.14946201,149098.8159672,147986.612427
2024,March,Focused Fund,28.0,5083569.0,1724.87653052,1661.63438433,63.2421461900012,129704.02906787,127839.44937538
2024,March,Sectoral/Thematic Funds,160.0,18248179.0,12395.87226513,4478.15046365,7917.72180148001,297358.13149837,292557.52482898
2024,March,ELSS,42.0,16113976.0,3876.13255886,2087.06910777,1789.06345109,213759.85201724,210525.36167792
2024,March,Flexi Cap Fund,38.0,14259500.0,6421.65694571,3683.5494883,2738.10745741001,350186.41608122,346366.40689815
2024,March,Sub Total - II (i+ii+iii+iv+v+vi+vii+viii+ix+x+xi),440.0,122821685.0,52721.41343799999,30088.26350625,22633.14993175,2348949.0092778,2320416.2493581297
2024,March,Conservative Hybrid Fund,19.0,537555.0,401.80459455,398.0659938,3.73860074999993,26871.12631056,26763.6321891
2024,March,Balanced Hybrid Fund/Aggressive Hybrid Fund,31.0,5416765.0,2622.98495224,2087.01954533,535.96540691,197197.1968327,195733.05985917
2024,March,Dynamic Asset Allocation/Balanced Advantage Fund,33.0,4615533.0,4751.19495648,3018.6015197,1732.59343678,248797.60308423,247668.36255081
2024,March,Multi Asset Allocation Fund,23.0,2024071.0,3448.32887048,766.86656555,2681.46230493,67280.1210983,70854.992796
2024,March,Arbitrage Fund,27.0,491203.0,20793.69939567,21091.38054146,-297.681145789989,153008.57970881,178849.05707559
2024,March,Equity Savings Fund,22.0,409279.0,2202.6028279,1275.05875692,927.544070979997,29567.46011594,29784.2329727
2024,March,Sub Total - III (i+ii+iii+iv+v+vi),155.0,13494406.0,34220.61559732,28636.99292276,5583.622674560007,722722.08715054,749653.33744337
2024,March,Retirement Fund,27.0,2865115.0,275.76931858,143.40619813,132.36312045,25279.7281742,25049.0304801
2024,March,Childrens Fund,11.0,2983777.0,140.78121629,66.03814162,74.7430746699999,18967.2974901,18834.68266913
2024,March,Sub Total - IV (i+ii),38.0,5848892.0,416.55053487,209.44433975,207.10619511999988,44247.0256643,43883.71314923
2024,March,Index Funds,208.0,7576546.0,6413.54761255,4591.13928712,1822.40832543,213657.4712356,211999.7241598
2024,March,GOLD ETF,17.0,5060791.0,690.1762479,316.8148307,373.3614172,31223.68693794,30032.27040914
2024,March,Other ETFs,189.0,13767925.0,20857.6931174,10297.9258764,10559.767241,664000.09405802,655207.68460801
2024,March,Fund of funds investing overseas,55.0,1557288.0,551.50155299,514.28510369,37.2164492999996,25713.37221827,25345.06336031
2024,March,Sub Total - V (i+ii+iii+iv),469.0,27962550.0,28512.91853084,15720.16509791,12792.75343293,934594.62444983,922584.74253726
2024,March,Total A-Open ended Schemes,1418.0,177292450.0,1045839.8737883798,1202922.1453008803,-157082.27151250016,5312736.320308721,5472084.08809661
2024,March,Fixed Term Plan,87.0,71976.0,318.92,2438.0813662,-2119.1613662,15970.81771231,17050.50738704
2024,March,Capital Protection Oriented Schemes,0.0,0.0,0.0,0.0,0.0,0.0,0.0
2024,March,Infrastructure Debt Fund,5.0,41.0,0.0,0.0,0.0,1632.295746,1626.990344
2024,March,Other Debt Scheme,1.0,211951.0,27.78,53.26,-25.48,5247.95,5279.68
2024,March,Sub Total (i+ii+iii+iv),93.0,283968.0,346.70000000000005,2491.3413662000003,-2144.6413662,22851.06345831,23957.177731040003
2024,March,ELSS,18.0,277840.0,0.0,57.54820697,-57.54820697,4088.20759381,4085.46208738
2024,March,Other Equity Schemes,0.0,0.0,0.0,0.0,0.0,0.0,0.0
2024,March,Sub Total (i+ii),18.0,277840.0,0.0,57.54820697,-57.54820697,4088.20759381,4085.46208738
2024,March,Total B -Close ended Schemes,111.0,561808.0,346.70000000000005,2548.8895731700004,-2202.18957317,26939.27105212,28042.639818420004
2024,March,Total C Interval Schemes,12.0,2502.0,0.0103000000000293,102.6847,-102.6744,519.0487,600.8314
2024,March,Grand Total,1541.0,177856760.0,1046186.5840883798,1205573.7195740507,-159387.13548567015,5340194.640060841,5500727.5593150295
2025,March,Overnight Fund,34.0,645290.0,609160.782880819,639176.58222106,-30015.7993402407,62458.42580651,106086.49886455
2025,March,Liquid Fund,37.0,1891968.0,421960.73856216,554994.78263767,-133034.04407551,437773.93852362,557784.93606428
2025,March,Ultra Short Duration Fund,25.0,659907.0,26494.4450935,36141.1822428,-9646.73714929997,98541.79392059,103614.95456268
2025,March,Low Duration Fund,22.0,834056.0,21975.75136325,23359.68805319,-1383.93668994002,112928.32885561,113669.5935756
2025,March,Money Market Fund,24.0,436673.0,74879.0149384399,96180.15070927,-21301.1357708301,232662.84128648,243546.03992515
2025,March,Short Duration Fund,24.0,453772.0,14469.26491139,15645.02337921,-1175.75846782001,113320.85564314,112254.19366911
2025,March,Medium Duration Fund,13.0,215394.0,271.72041265,843.69143727,-571.97102462,24666.49533919,24832.79290794
2025,March,Medium to Long Duration Fund,13.0,102463.0,190.58593377,505.27079887,-314.6848651,11553.68474798,11605.29832223
2025,March,Long Duration Fund,11.0,90344.0,452.278847240001,970.64495325,-518.366106009999,20344.31995645,20342.76439736
2025,March,Dynamic Bond Fund,22.0,224971.0,1225.71753974,1598.6649575,-372.947417759999,35591.65309906,35527.22445417
2025,March,Corporate Bond Fund,21.0,530344.0,14174.89837554,14588.84312824,-413.944752700008,175800.18152363,172372.73506713
2025,March,Credit Risk Fund,14.0,181362.0,72.4657329800001,366.74644515,-294.28071217,20462.72708445,20507.46970306
2025,March,Banking and PSU Fund,22.0,236154.0,1839.71977542,3418.87946099,-1579.15968557,78850.09761763,78721.83389485
2025,March,Gilt Fund,22.0,214454.0,1907.74021166,2666.33491873,-758.594707070002,40989.93632448,40630.62789034
2025,March,Gilt Fund with 10 year constant duration,5.0,35898.0,70.39419729,171.82128115,-101.42708386,4938.44157853,4936.34015663
2025,March,Floater Fund,12.0,196709.0,1239.91191765,2420.16020577,-1180.24828812,49822.03896239,50232.15050281
2025,March,Sub Total - I (i+ii+iii+iv+v+vi+vii+viii+ix+x+xi+xii+xiii+xiv+xv+xvi),321.0,6949759.0,1190385.4306934988,1393048.46683012,-202663.0361366208,1520705.7602697397,1696665.4539578902
2025,March,Multi Cap Fund,30.0,9496709.0,4563.72956143,1810.74950953,2752.9800519,175724.35047094,169398.90249618
2025,March,Large Cap Fund,33.0,15997325.0,6248.84487035,3769.53483461,2479.31003574,359775.39060436,348889.451102
2025,March,Large & Mid Cap Fund,31.0,11841516.0,5113.93968564,2395.87296506,2718.06672058,263206.56330922,254637.14921192
2025,March,Mid Cap Fund,30.0,21094403.0,6853.63123853,3414.75663866,3438.87459987,368992.07599233,356671.84378477
2025,March,Small Cap Fund,30.0,25010377.0,6912.93940643,2820.81806497,4092.12134146,295478.84401928,288473.48950492
2025,March,Dividend Yield Fund,10.0,1198215.0,444.36437263,303.856196409999,140.50817622,30588.92758491,29703.9001679
2025,March,Value Fund/Contra Fund,24.0,8254011.0,3025.65131746,1472.22459021,1553.42672725,183906.06511938,178490.5724868
2025,March,Focused Fund,28.0,5217831.0,2640.84836032,1254.59289041,1386.25546991,144791.03750303,139975.77951952
2025,March,Sectoral/Thematic Funds,212.0,30793811.0,9090.50456274999,8920.41647761001,170.088085139985,455088.24022218,443499.83888355
2025,March,ELSS,43.0,17011131.0,2382.39481479,1647.01743216,735.377382629998,232245.47352176,225225.53399371
2025,March,Flexi Cap Fund,39.0,17909343.0,9248.88429674,3633.88587758,5614.99841915999,435508.96836394,422113.97876528
2025,March,Sub Total - II (i+ii+iii+iv+v+vi+vii+viii+ix+x+xi),510.0,163824672.0,56525.73248706999,31443.72547721001,25082.00700985997,2945305.93671133,2857080.4399165497
2025,March,Conservative Hybrid Fund,18.0,549001.0,281.066064449999,552.10045644,-271.034391990001,28124.4855275,27918.75272202
2025,March,Balanced Hybrid Fund/Aggressive Hybrid Fund,31.0,5773385.0,2282.92029274,1989.20616989,293.714122849997,219203.8564564,214953.72593523
2025,March,Dynamic Asset Allocation/Balanced Advantage Fund,35.0,5208500.0,4247.97506542,3471.85971269,776.115352730005,283673.40398094,279386.23272845
2025,March,Multi Asset Allocation Fund,28.0,3061319.0,3150.75438693,1480.41680145,1670.33758548,107094.49949546,113587.79437768
2025,March,Arbitrage Fund,31.0,595659.0,20753.27421463,23607.88666421,-2854.61244958002,204086.87663099,246994.0578094
2025,March,Equity Savings Fund,23.0,479613.0,1749.71904479,2310.794341,-561.075296209998,41260.38652007,43262.12643945
2025,March,Sub Total - III (i+ii+iii+iv+v+vi),166.0,15667477.0,32465.70906896,33412.26414568,-946.5550767200172,883443.5086113601,926102.69001223
2025,March,Retirement Fund,29.0,2996580.0,249.22698643,140.97422924,108.25275719,29104.49821802,28388.19481321
2025,March,Childrens Fund,12.0,3076221.0,181.01397192,48.08727644,132.92669548,22077.51044131,21510.81981227
2025,March,Sub Total - IV (i+ii),41.0,6072801.0,430.24095835,189.06150568,241.17945267,51182.00865933,49899.014625480006
2025,March,Index Funds,309.0,13086709.0,12542.91781093,9042.21367782,3500.70413311001,283397.12510876,276621.48471293
2025,March,GOLD ETF,20.0,6969522.0,978.34316615,1055.54933828,-77.2061721299997,58887.99146981,57101.28740112
2025,March,Other ETFs,232.0,20030131.0,26485.62696335,15523.88408599,10961.74287736,779630.18569931,753854.49690951
2025,March,Fund of funds investing overseas,53.0,1386059.0,308.08642323,544.72826119,-236.64183796,25030.80859536,26287.87223356
2025,March,Sub Total - V (i+ii+iii+iv),614.0,41472421.0,40314.97436366,26166.37536328,14148.59900038001,1146946.11087324,1113865.14125712
2025,March,Total A-Open ended Schemes,1652.0,233987130.0,1320122.0875715388,1484259.89332197,-164137.80575043085,6547583.325125,6643612.739769271
2025,March,Fixed Term Plan,80.0,68019.0,0.0,212.41,-212.41,16140.37329064,16106.76218351
2025,March,Capital Protection Oriented Schemes,0.0,0.0,0.0,0.0,0.0,0.0,0.0
2025,March,Infrastructure Debt Fund,4.0,30.0,0.0,0.0,0.0,1112.522135,1109.202059
2025,March,Other Debt Scheme,1.0,192209.0,23.94,38.0699999999999,-14.1299999999999,5319.12,5265.41
2025,March,Sub Total (i+ii+iii+iv),85.0,260258.0,23.94,250.4799999999999,-226.5399999999999,22572.01542564,22481.37424251
2025,March,ELSS,15.0,259340.0,0.0,65.19807668,-65.19807668,4034.52047105,3977.88973982
2025,March,Other Equity Schemes,0.0,0.0,0.0,0.0,0.0,0.0,0.0
2025,March,Sub Total (i+ii),15.0,259340.0,0.0,65.19807668,-65.19807668,4034.52047105,3977.88973982
2025,March,Total B -Close ended Schemes,100.0,519598.0,23.94,315.6780766799999,-291.7380766799999,26606.53589669,26459.26398233
2025,March,Total C Interval Schemes,8.0,1343.0,0.0001999999999999,5.1583,-5.1581,97.3424,114.2623
2025,March,Grand Total,1760.0,234508071.0,1320146.0277715386,1484580.72969865,-164434.70192711084,6574287.20342169,6670186.266051601
2026,March,Overnight Fund,37.0,744346.0,764530.5014154,804758.40072508,-40227.8993096799,73020.69262574,132873.15526106
2026,March,Liquid Fund,42.0,2719972.0,455110.253786529,590097.8984465,-134987.644659971,466498.11049557,597067.86304204
2026,March,Ultra Short Duration Fund,25.0,777807.0,20523.24634517,36610.50094673,-16087.25460156,113339.57713626,121687.2460505
2026,March,Low Duration Fund,25.0,849973.0,12597.69057935,37825.15549003,-25227.46491068,130570.0493707,140756.33555792
2026,March,Money Market Fund,27.0,529089.0,88255.23850483,117462.22276292,-29206.9842580899,312294.18929502,314312.21141596
2026,March,Short Duration Fund,25.0,567436.0,13663.23436891,35856.73536003,-22193.50099112,110851.24663584,123966.82131139
2026,March,Medium Duration Fund,13.0,240909.0,1728.8406281,2443.15192707,-714.31129897,25528.53990605,25990.30451363
2026,March,Medium to Long Duration Fund,13.0,100704.0,107.54066105,515.15856604,-407.61790499,10769.24515424,11113.12083903
2026,March,Long Duration Fund,11.0,79190.0,244.31826516,1291.67572002,-1047.35745486,14158.72994,15132.48102336
2026,March,Dynamic Bond Fund,22.0,224312.0,289.84312779,2030.88769346,-1741.04456567,32385.86606688,33601.9751504
2026,March,Corporate Bond Fund,21.0,573401.0,8680.95297658999,23973.53936111,-15292.58638452,178430.60697247,186940.84361135
2026,March,Credit Risk Fund,14.0,201026.0,189.653849,519.20336288,-329.54951388,19611.23562911,19769.03769462
2026,March,Banking and PSU Fund,20.0,239277.0,425.158446439998,2699.23492479,-2274.07647835,74619.67757391,75970.21799841
2026,March,Gilt Fund,23.0,203580.0,907.170086579998,3985.56932019,-3078.39923361,33620.53214772,35383.49260367
2026,March,Gilt Fund with 10 year constant duration,5.0,36229.0,57.9849257200001,439.74713466,-381.76220894,4520.88599435,4691.2434874
2026,March,Floater Fund,12.0,197183.0,1960.85242364,3750.57451653,-1789.72209289,51283.1878153,51967.36976575
2026,March,Sub Total - I (i+ii+iii+iv+v+vi+vii+viii+ix+x+xi+xii+xiii+xiv+xv+xvi),335.0,8284434.0,1369272.4803902595,1664259.65625804,-294987.1758677808,1651502.37275916,1891223.71932649
2026,March,Multi Cap Fund,32.0,11482274.0,5819.87359387,2838.32484765,2981.54874622,200439.13442607,210283.52034407
2026,March,Large Cap Fund,34.0,17144363.0,7209.10268516,4211.26299134,2997.83969381999,366045.48603187,387415.67990354
2026,March,Large & Mid Cap Fund,33.0,13722688.0,9007.37067565,3700.12346326,5307.24721239001,299467.97959267,314204.09063227
2026,March,Mid Cap Fund,33.0,24763770.0,10769.93227464,4706.40359129,6063.52868335,418329.20035275,437782.58699159
2026,March,Small Cap Fund,36.0,27995339.0,10674.84511038,4411.28477016,6263.56034021999,334662.33837509,347116.55414936
2026,March,Dividend Yield Fund,11.0,1202408.0,340.8779362,400.091172449999,-59.2132362499988,29022.69307886,30604.35419595
2026,March,Value Fund/Contra Fund,25.0,8965112.0,4281.04692747,2125.49322257,2155.5537049,193985.75578195,203829.54567599
2026,March,Focused Fund,28.0,5514885.0,4371.45591355,1946.87014086,2424.58577269,155861.22150173,163751.30238908
2026,March,Sectoral/Thematic Funds,250.0,32127595.0,13554.20519628,10855.3820617,2698.82313457999,477309.05415654,500854.00930854
2026,March,ELSS,41.0,16433567.0,1599.27087106,2036.60798894,-437.337117880004,217309.84288677,229714.69127558
2026,March,Flexi Cap Fund,45.0,23379152.0,16147.68708312,6093.56683059,10054.12025253,505265.44871323,528059.76135396
2026,March,Sub Total - II (i+ii+iii+iv+v+vi+vii+viii+ix+x+xi),568.0,182731153.0,83775.66826738001,43325.41108081,40450.25718656998,3197698.15489753,3353616.09621993
2026,March,Conservative Hybrid Fund,18.0,580399.0,354.219651930001,572.566682989999,-218.347031059999,28648.53749393,29226.46005316
2026,March,Balanced Hybrid Fund/Aggressive Hybrid Fund,31.0,6254655.0,3527.21155975,2532.68102592,994.530533829999,232005.53230242,242445.83251525
2026,March,Dynamic Asset Allocation/Balanced Advantage Fund,36.0,5704774.0,4570.46259581,4852.97601076,-282.513414950001,299019.05319019,311460.77184568
2026,March,Multi Asset Allocation Fund,34.0,5160754.0,8270.46186690999,3057.7298773,5212.73198960999,173762.06333159,195113.52618253
2026,March,Arbitrage Fund,38.0,790453.0,19596.21266396,40709.9103028,-21113.69763884,253637.4371883,325819.15511554
2026,March,Equity Savings Fund,24.0,526001.0,1771.52659709,2902.70422855,-1131.17763146,47701.17415417,53499.59774121
2026,March,Sub Total - III (i+ii+iii+iv+v+vi),181.0,19017036.0,38090.09493544998,54628.56812832,-16538.47319287001,1034773.7976606,1157565.34345337
2026,March,Retirement Fund,29.0,3059924.0,252.81951767,224.12635517,28.6931625000002,29275.01265496,30709.12030048
2026,March,Childrens Fund,12.0,3243254.0,281.88089501,54.27775179,227.60314322,23650.11287976,24492.14307461
2026,March,Sub Total - IV (i+ii),41.0,6303178.0,534.70041268,278.40410696000004,256.2963057200002,52925.12553472,55201.26337509
2026,March,Index Funds,360.0,15030991.0,18615.34607177,10446.58775511,8168.75831665999,307315.46174199,315059.6803944
2026,March,GOLD ETF,26.0,12397731.0,5425.6035062,3159.92345958,2265.68004662,171468.35230968,178521.93050729
2026,March,Other ETFs,302.0,27944219.0,44649.56972722,24847.15501228,19802.41471494,894644.26636462,930915.20194376
2026,March,Fund of funds investing overseas,52.0,1743628.0,953.79582254,423.04874967,530.74707287,38286.58428761,38809.76968878
2026,March,Sub Total - V (i+ii+iii+iv),740.0,57116569.0,69644.31512773,38876.71497664,30767.60015108999,1411714.6647039,1463306.58253423
2026,March,Total A-Open ended Schemes,1865.0,273452370.0,1561317.259133499,1801368.7545507697,-240051.4954172709,7348614.11555591,7920913.00490911
2026,March,Fixed Term Plan,73.0,56845.0,242.2312,0.0,242.2312,15506.45627467,15399.02886551
2026,March,Capital Protection Oriented Schemes,0.0,0.0,0.0,0.0,0.0,0.0,0.0
2026,March,Infrastructure Debt Fund,3.0,19.0,0.0,0.0,0.0,919.615354,916.8484188
2026,March,Other Debt Scheme,1.0,176949.0,19.47,35.9100000000001,-16.4400000000001,4748.07,4891.44
2026,March,Sub Total (i+ii+iii+iv),77.0,233813.0,261.7012,35.9100000000001,225.7911999999999,21174.14162867,21207.31728431
2026,March,ELSS,13.0,247165.0,0.0,84.29400919,-84.29400919,3558.35657228,3868.16075451
2026,March,Other Equity Schemes,0.0,0.0,0.0,0.0,0.0,0.0,0.0
2026,March,Sub Total (i+ii),13.0,247165.0,0.0,84.29400919,-84.29400919,3558.35657228,3868.16075451
2026,March,Total B -Close ended Schemes,90.0,480978.0,261.7012,120.20400919000012,141.4971908099999,24732.49820095,25075.47803882
2026,March,Total C Interval Schemes,3.0,911.0,0.0,0.0,0.0,30.3687,39.3848
2026,March,Grand Total,1958.0,273934259.0,1561578.9603334994,1801488.95855996,-239909.99822646088,7373376.982456861,7946027.867747931
2023,May,Overnight Fund,32.0,673564.0,418088.01939195,436998.28926381,-18910.2698718601,81980.66980204,111508.98249337
2023,May,Liquid Fund,36.0,1775895.0,302744.38025821,257510.16379903,45234.21645918,442875.10461918,438809.23964981
2023,May,Ultra Short Duration Fund,25.0,635328.0,18859.89285042,11274.5641155,7585.32873492,98493.01124968,95209.33961293
2023,May,Low Duration Fund,21.0,933719.0,11398.1828108,9651.14124357,1747.04156723,95128.77860648,93741.58570525
2023,May,Money Market Fund,22.0,427143.0,30971.01459482,22239.95537979,8731.05921503001,132362.06906873,126732.1164356
2023,May,Short Duration Fund,25.0,503633.0,5608.54897,1553.67266122,4054.87630878,98984.83304013,96688.2381102
2023,May,Medium Duration Fund,15.0,255984.0,256.80528253,465.46970165,-208.66441912,27419.30281427,27395.40150186
2023,May,Medium to Long Duration Fund,12.0,106803.0,527.53357423,338.3904525,189.14312173,9903.74866198,9665.43413064
2023,May,Long Duration Fund,7.0,47319.0,100.05605312,28.61597127,71.44008185,9283.6428741,9205.3760807
2023,May,Dynamic Bond Fund,22.0,232928.0,407.67840486,694.82291408,-287.14450922,30011.62756335,30125.76152172
2023,May,Corporate Bond Fund,21.0,611354.0,2678.18364519,2056.39464747,621.78899772,134409.10000781,133366.57459665
2023,May,Credit Risk Fund,15.0,241153.0,81.15045274,370.60106872,-289.45061598,24558.61170347,24619.71786488
2023,May,Banking and PSU Fund,23.0,292621.0,1188.58865658,1065.70894335,122.87971323,81846.45046058,81394.89702802
2023,May,Gilt Fund,22.0,179210.0,451.63113542,579.19288617,-127.56175075,22282.8262977,22295.49080359
2023,May,Gilt Fund with 10 year constant duration,5.0,42253.0,92.19528834,289.44542931,-197.25014097,4246.43687706,4317.1544679
2023,May,Floater Fund,13.0,233630.0,1422.64878766,3801.05585926,-2378.4070716,55375.03991086,57063.77403623
2023,May,Sub Total - I (i+ii+iii+iv+v+vi+vii+viii+ix+x+xi+xii+xiii+xiv+xv+xvi),316.0,7192537.0,794876.5101568698,748917.4843366999,45959.02582016992,1349161.25355742,1362139.0840393505
2023,May,Multi Cap Fund,19.0,4212703.0,1758.90091701,1654.35247442,104.548442589999,74016.90822831,72328.06381623
2023,May,Large Cap Fund,31.0,12934624.0,3214.70390818,4576.98362967,-1362.27972149,251231.74575211,248208.13700194
2023,May,Large & Mid Cap Fund,26.0,7910456.0,3183.21981494,2049.9554237,1133.26439124,140558.17502467,137151.15999134
2023,May,Mid Cap Fund,29.0,10820927.0,4166.64550616,2970.99904852,1195.64645764,204479.88424043,198222.7367288
2023,May,Small Cap Fund,24.0,11581947.0,5126.01879931,1843.51726552,3282.50153379,153806.5424027,148187.9254354
2023,May,Dividend Yield Fund,9.0,741636.0,498.95262604,209.56982436,289.38280168,15209.50162409,14844.0537984
2023,May,Value Fund/Contra Fund,22.0,4793275.0,1695.71779513,1113.51154321,582.20625192,97844.36646599,96025.89001804
2023,May,Focused Fund,26.0,5258096.0,1589.03573304,2532.83348841,-943.79775537,106413.05499803,104727.76844857
2023,May,Sectoral/Thematic Funds,128.0,13209299.0,4142.482352,4311.31878607,-168.83643407,186684.60069818,182539.38616036
2023,May,ELSS,42.0,15282099.0,1444.48576465,1949.08665059,-504.60088594,163766.50768448,160986.2439668
2023,May,Flexi Cap Fund,35.0,12731864.0,3989.23995074,4356.97294222,-367.73299148,262586.8850425,257608.08430204
2023,May,Sub Total - II (i+ii+iii+iv+v+vi+vii+viii+ix+x+xi),391.0,99476926.0,30809.4031672,27569.10107669,3240.3020905099984,1656598.1721614895,1620829.44966792
2023,May,Conservative Hybrid Fund,20.0,517334.0,380.73854691,357.19861402,23.5399328899999,23761.41788375,23589.57860054
2023,May,Balanced Hybrid Fund/Aggressive Hybrid Fund,31.0,5293071.0,1919.42967738,2916.21119949,-996.78152211,162201.18907828,160774.08716891
2023,May,Dynamic Asset Allocation/Balanced Advantage Fund,29.0,4434950.0,3156.56662311,3913.25032379,-756.68370068,200129.83919526,199195.79235023
2023,May,Multi Asset Allocation Fund,12.0,1100383.0,1196.13683442,457.66420395,738.47263047,29000.0075376,29995.6164154
2023,May,Arbitrage Fund,26.0,440134.0,12023.78499278,5384.14309065,6639.64190213,77447.35715598,86665.88749929
2023,May,Equity Savings Fund,22.0,360308.0,992.03999351,547.38028378,444.65970973,17138.43827797,17133.63263913
2023,May,Sub Total - III (i+ii+iii+iv+v+vi),140.0,12146180.0,19668.69666811,13575.84771568,6092.84895243,509678.2491288401,517354.5946735
2023,May,Retirement Fund,26.0,2768033.0,204.24114228,157.3582593,46.88288298,19450.72043246,19106.91561619
2023,May,Childrens Fund,10.0,2931011.0,117.07894318,64.16777729,52.91116589,15375.3954131,15104.0881604
2023,May,Sub Total - IV (i+ii),36.0,5699044.0,321.32008546,221.52603659,99.79404887,34826.115845559994,34211.00377659
2023,May,Index Funds,183.0,4254905.0,3257.18137547,3148.49531262,108.68606285,174304.19243403,172662.41339558
2023,May,GOLD ETF,13.0,4728425.0,131.74957065,28.62901655,103.1205541,23128.0958997,23160.7786548
2023,May,Other ETFs,160.0,12083023.0,9317.2562306,4793.51945347,4523.73677713,519609.76220161,510236.25331882
2023,May,Fund of funds investing overseas,50.0,1322852.0,276.77366421,524.97948781,-248.2058236,23375.80715433,23014.02958353
2023,May,Sub Total - V (i+ii+iii+iv),406.0,22389205.0,12982.96084093,8495.62327045,4487.337570479999,740417.85768967,729073.47495273
2023,May,Total A-Open ended Schemes,1289.0,146903892.0,858658.8909185698,798779.58243611,59879.30848245992,4290681.648382979,4263607.607110091
2023,May,Fixed Term Plan,102.0,145305.0,102.64,1678.80021943,-1576.16021943,22210.89052715,23314.41776912
2023,May,Capital Protection Oriented Schemes,5.0,7865.0,0.0,276.0076707,-276.0076707,375.0410659,485.3393343
2023,May,Infrastructure Debt Fund,7.0,52.0,0.0,0.0,0.0,2042.1627903,2025.3354333
2023,May,Other Debt Scheme,0.0,0.0,0.0,0.0,0.0,0.0,0.0
2023,May,Sub Total (i+ii+iii+iv),114.0,153222.0,102.64,1954.80789013,-1852.16789013,24628.09438335,25825.09253672
2023,May,ELSS,19.0,294088.0,0.0,33.76796846,-33.76796846,3597.1257406,3537.4188513
2023,May,Other Equity Schemes,7.0,21509.0,0.0,300.1422132,-300.1422132,826.54,907.07
2023,May,Sub Total (i+ii),26.0,315597.0,0.0,333.91018166000003,-333.91018166000003,4423.6657406,4444.4888513
2023,May,Total B -Close ended Schemes,140.0,468819.0,102.64,2288.71807179,-2186.07807179,29051.76012395,30269.58138802
2023,May,Total C Interval Schemes,12.0,2791.0,10.0003,282.7757,-272.7754,734.9272,910.4835
2023,May,Grand Total,1441.0,147375502.0,858771.5312185697,801351.0762079,57420.45501066992,4320468.33570693,4294787.671998111
2025,May,Overnight Fund,35.0,659424.0,452387.85098329,460507.88064892,-8120.02966563002,79184.2561224,97396.63952693
2025,May,Liquid Fund,37.0,1941435.0,345272.11590764,385477.47560943,-40205.35970179,522714.52219131,568734.39075027
2025,May,Ultra Short Duration Fund,25.0,695720.0,20775.121818,18927.5474764,1847.5743416,129109.99864276,128267.06667957
2025,May,Low Duration Fund,22.0,846370.0,13952.95801881,10819.35895483,3133.59906398,127552.75661949,126308.63752791
2025,May,Money Market Fund,24.0,445926.0,63772.2930002,52549.2117698,11223.0812304,279475.7763458,273313.49433529
2025,May,Short Duration Fund,24.0,475177.0,7633.76436118,5843.97627835,1789.78808283,122759.56146968,121092.00313984
2025,May,Medium Duration Fund,13.0,223104.0,345.67110336,392.7768737,-47.10577034,25365.58479613,25294.92654737
2025,May,Medium to Long Duration Fund,13.0,104030.0,155.87825828,111.74406523,44.13419305,11999.01649909,11934.71040623
2025,May,Long Duration Fund,11.0,97786.0,875.20306723,409.0686067,466.13446053,21415.24944877,21119.18520438
2025,May,Dynamic Bond Fund,22.0,234872.0,1256.23980786,689.50469668,566.73511118,37087.94598151,36676.61097202
2025,May,Corporate Bond Fund,21.0,541227.0,15313.76702472,3330.41260458,11983.35442014,195987.38581591,188971.46605395
2025,May,Credit Risk Fund,14.0,182494.0,59.35996394,307.29461653,-247.93465259,20437.00065867,20457.26921808
2025,May,Banking and PSU Fund,22.0,238455.0,1608.12674015,1123.99304065,484.1336995,81949.60272014,81268.73108472
2025,May,Gilt Fund,23.0,232237.0,2738.66115282,1352.73214477,1385.92900805,43000.1411363,42256.26381576
2025,May,Gilt Fund with 10 year constant duration,5.0,37854.0,118.43985324,76.89524094,41.5446123,5101.47585535,5056.95679215
2025,May,Floater Fund,12.0,198875.0,1315.7081737,1569.77028835,-254.06211465,51205.42255656,51047.24080124
2025,May,Sub Total - I (i+ii+iii+iv+v+vi+vii+viii+ix+x+xi+xii+xiii+xiv+xv+xvi),323.0,7154986.0,927581.15923442,943489.64291586,-15908.483681440028,1754345.69685987,1799195.5928557098
2025,May,Multi Cap Fund,31.0,9826483.0,5240.15895517,2240.87310144,2999.28585373,195159.76381128,188891.16962398
2025,May,Large Cap Fund,33.0,16175181.0,5240.69904301,3990.22480503,1250.47423798,383666.58564228,380250.63119731
2025,May,Large & Mid Cap Fund,31.0,12069826.0,5352.71747704,2662.03010565,2690.68737139,287392.49950508,280686.22047332
2025,May,Mid Cap Fund,30.0,21538476.0,6812.23985462,4003.56014795,2808.67970667,408092.68058066,395846.07139674
2025,May,Small Cap Fund,30.0,25248991.0,6754.21259852,3540.0069504,3214.20564812,336005.20806956,321670.43205941
2025,May,Dividend Yield Fund,10.0,1200267.0,369.64900783,390.46696899,-20.81796116,32177.1442975,31766.5802173
2025,May,Value Fund/Contra Fund,24.0,8368668.0,2812.71004811,2904.98957969,-92.2795315799995,196339.39359886,193702.93213011
2025,May,Focused Fund,28.0,5246530.0,2715.78077563,1768.60162613,947.1791495,155870.43706572,153127.92285559
2025,May,Sectoral/Thematic Funds,215.0,30982541.0,10621.09657847,8568.6121826,2052.48439587,492403.80702026,481284.63695181
2025,May,ELSS,43.0,16919934.0,1443.58951561,2121.69519732,-678.10568171,246293.04875092,242700.54945635
2025,May,Flexi Cap Fund,39.0,18510887.0,9241.59319105,5400.27106426,3841.32212679,471974.47724047,464765.75560953
2025,May,Sub Total - II (i+ii+iii+iv+v+vi+vii+viii+ix+x+xi),514.0,166087784.0,56604.447045060006,37591.33172946,19013.1153156,3205375.0455825897,3134692.90197145
2025,May,Conservative Hybrid Fund,18.0,555080.0,470.82032983,381.51204807,89.30828176,28825.3479287,28579.25769863
2025,May,Balanced Hybrid Fund/Aggressive Hybrid Fund,31.0,5805601.0,2625.09258407,2283.70227379,341.39031028,231900.97609916,229986.38955148
2025,May,Dynamic Asset Allocation/Balanced Advantage Fund,35.0,5288342.0,4438.87577867,3302.75959616,1136.11618251,299506.75603659,296512.18956491
2025,May,Multi Asset Allocation Fund,29.0,3226116.0,4508.25540599,1581.45566632,2926.79973967,118153.72857389,123714.43664792
2025,May,Arbitrage Fund,32.0,631630.0,29587.69520001,13885.72210782,15701.97309219,233962.91777182,269464.05152142
2025,May,Equity Savings Fund,23.0,482654.0,1906.42799394,1336.96340538,569.46458856,43012.56637334,44756.3293588
2025,May,Sub Total - III (i+ii+iii+iv+v+vi),168.0,15989423.0,43537.16729251,22772.11509754,20765.05219497,955362.2927835,993012.65434316
2025,May,Retirement Fund,29.0,3003234.0,251.43797408,198.52860463,52.9093694500001,31006.98156368,30588.37175671
2025,May,Childrens Fund,12.0,3093038.0,192.32983709,67.91381436,124.41602273,23523.85217774,23161.28473655
2025,May,Sub Total - IV (i+ii),41.0,6096272.0,443.76781117,266.44241899,177.3253921800001,54530.83374142,53749.65649326
2025,May,Index Funds,316.0,13234811.0,8578.58019169,7474.16001433,1104.42017736,300811.48274813,296889.6268577
2025,May,GOLD ETF,20.0,7368808.0,1266.1922899,974.2807452,291.9115447,62452.93589264,62124.92518729
2025,May,Other ETFs,240.0,20493330.0,18281.26533872,14194.45070613,4086.81463259,833965.8501908,826197.95298677
2025,May,Fund of funds investing overseas,53.0,1377236.0,394.07504035,351.24607208,42.82896827,27014.14923911,26413.73321141
2025,May,Sub Total - V (i+ii+iii+iv),629.0,42474185.0,28520.11286066,22994.13753774,5525.97532292,1224244.4180706802,1211626.2382431698
2025,May,Total A-Open ended Schemes,1675.0,237802650.0,1056686.65424382,1027113.66969959,29572.98454422997,7193858.28703806,7192277.043906749
2025,May,Fixed Term Plan,76.0,62288.0,0.0,104.25378585,-104.25378585,15121.30341179,15111.5594686
2025,May,Capital Protection Oriented Schemes,0.0,0.0,0.0,0.0,0.0,0.0,0.0
2025,May,Infrastructure Debt Fund,3.0,19.0,0.0,261.8537821,-261.8537821,862.9633643,1122.140333
2025,May,Other Debt Scheme,1.0,189044.0,15.43,68.14,-52.71,5451.34,5457.69
2025,May,Sub Total (i+ii+iii+iv),80.0,251351.0,15.43,434.24756795,-418.81756795,21435.60677609,21691.3898016
2025,May,ELSS,15.0,257771.0,0.0,18.56376859,-18.56376859,4272.93528475,4227.20016899
2025,May,Other Equity Schemes,0.0,0.0,0.0,0.0,0.0,0.0,0.0
2025,May,Sub Total (i+ii),15.0,257771.0,0.0,18.56376859,-18.56376859,4272.93528475,4227.20016899
2025,May,Total B -Close ended Schemes,95.0,509122.0,15.43,452.81133654,-437.38133654,25708.54206084,25918.58997059
2025,May,Total C Interval Schemes,4.0,998.0,0.0,27.2701,-27.2701,43.8637,78.4893
2025,May,Grand Total,1774.0,238312770.0,1056702.0842438198,1027593.75113613,29108.33310768997,7219610.6927988995,7218274.123177338
2023,November,Overnight Fund,35.0,829534.0,487463.14041891,487947.49987592,-484.359457009938,79291.30153259,105689.07212496
2023,November,Liquid Fund,36.0,1784277.0,279922.14611939,280566.87477555,-644.72865616018,415620.25531469,441013.13671262
2023,November,Ultra Short Duration Fund,24.0,641609.0,12073.32249401,13939.05434044,-1865.73184643002,93921.04943743,95196.93554945
2023,November,Low Duration Fund,20.0,903392.0,6710.9163557,7678.70665703999,-967.790301339992,105326.82683691,104627.7611699
2023,November,Money Market Fund,23.0,440876.0,24836.03533302,23970.69076275,865.344570270012,151128.77826738,150580.63677162
2023,November,Short Duration Fund,23.0,478711.0,1474.15597924,1887.91031433,-413.754335090001,100146.75355616,100474.56947983
2023,November,Medium Duration Fund,15.0,242349.0,133.72973873,414.17330652,-280.44356779,26598.7782519,26677.10354898
2023,November,Medium to Long Duration Fund,12.0,103436.0,42.2741072999997,115.52937374,-73.2552664400002,10255.90494128,10252.26636086
2023,November,Long Duration Fund,7.0,47151.0,149.3240569,62.7404821,86.5835748,9874.8149232,9832.0876464
2023,November,Dynamic Bond Fund,22.0,224067.0,209.39620509,343.47500627,-134.07880118,30698.14917978,30699.27546097
2023,November,Corporate Bond Fund,21.0,592971.0,800.106395930001,2378.5013875,-1578.39499157,139433.2801872,140065.29316215
2023,November,Credit Risk Fund,14.0,221663.0,36.37208688,290.04601808,-253.6739312,23809.91707258,23898.87229395
2023,November,Banking and PSU Fund,23.0,270984.0,1139.5898007,834.59237158,304.997429120001,80354.62968278,80279.74196248
2023,November,Gilt Fund,21.0,179708.0,693.85079405,601.83824722,92.0125468300002,26274.530471,26137.53386925
2023,November,Gilt Fund with 10 year constant duration,5.0,39873.0,29.5491551599998,37.2531857699998,-7.70403061000002,4347.65760028,4343.08637483
2023,November,Floater Fund,13.0,225050.0,2151.89826967,1503.67389005,648.224379620005,60726.62066439,60478.55767314
2023,November,Sub Total - I (i+ii+iii+iv+v+vi+vii+viii+ix+x+xi+xii+xiii+xiv+xv+xvi),314.0,7225651.0,817865.8073106799,822572.5599948599,-4706.752684180112,1357809.2479195497,1410245.9301613898
2023,November,Multi Cap Fund,23.0,5143687.0,2781.78272031,1068.69665163,1713.08606868,103056.62376742,98905.53478571
2023,November,Large Cap Fund,30.0,13148805.0,3495.20744059,3188.50505375,306.702386840003,276639.70549177,269387.39367382
2023,November,Large & Mid Cap Fund,26.0,8516474.0,3507.99216515,1660.5386934,1847.45347175,173892.0259369,167493.16006202
2023,November,Mid Cap Fund,29.0,12522817.0,4967.38612547,2301.65360835,2665.73251712,264277.5525727,254274.33234482
2023,November,Small Cap Fund,26.0,15983476.0,6545.98002021,2846.737089,3699.24293121,220176.05320191,210638.00148467
2023,November,Dividend Yield Fund,9.0,804395.0,371.1152671,198.09597714,173.01928996,19998.3296743,19231.6780471
2023,November,Value Fund/Contra Fund,23.0,5514679.0,2186.27211082,934.390411599999,1251.88169922,125173.35745582,120111.70764553
2023,November,Focused Fund,27.0,5127707.0,1833.69704692,1691.02303092,142.674016000001,118745.57519025,115353.80673868
2023,November,Sectoral/Thematic Funds,145.0,14876417.0,6322.95042507,4358.28134078,1964.66908429,237048.02776626,228196.41473546
2023,November,ELSS,42.0,15504556.0,1594.89897154,1490.50018446,104.398787079999,188033.25210112,181811.75910132
2023,November,Flexi Cap Fund,38.0,13367686.0,5278.45007513,3610.88622458,1667.56385055,306366.70121173,296758.37443005
2023,November,Sub Total - II (i+ii+iii+iv+v+vi+vii+viii+ix+x+xi),418.0,110510699.0,38885.73236831,23349.30826561,15536.424102700004,2033407.20437018,1962162.16304918
2023,November,Conservative Hybrid Fund,20.0,532921.0,367.82285962,364.94744657,2.87541305000013,25729.94075907,25535.90924932
2023,November,Balanced Hybrid Fund/Aggressive Hybrid Fund,32.0,5354089.0,2069.73505662,1997.96570756,71.7693490599977,179614.53791815,176313.61122321
2023,November,Dynamic Asset Allocation/Balanced Advantage Fund,29.0,4379845.0,3397.8442697,2807.87457269,589.969697010005,222082.84739248,218063.81351843
2023,November,Multi Asset Allocation Fund,16.0,1524927.0,3157.738072,568.27334598,2589.46472602,48634.567524,48442.0915494
2023,November,Arbitrage Fund,27.0,464499.0,18074.03005263,8669.80015495,9404.22989768,123646.57540317,138704.03373579
2023,November,Equity Savings Fund,22.0,383270.0,1595.8790991,716.133612879999,879.745486219999,24100.33609043,23937.20689222
2023,November,Sub Total - III (i+ii+iii+iv+v+vi),146.0,12639551.0,28663.04940967,15124.99484063,13538.05456904,623808.8050873,630996.6661683699
2023,November,Retirement Fund,27.0,2830927.0,226.39563929,118.92035547,107.47528382,22680.43075587,22102.36427491
2023,November,Childrens Fund,10.0,2954303.0,134.9937889,57.12104715,77.8727417499999,17410.19749,16987.9843375
2023,November,Sub Total - IV (i+ii),37.0,5785230.0,361.38942819,176.04140262,185.3480255699999,40090.62824587,39090.34861241
2023,November,Index Funds,193.0,5969122.0,4081.61407986,2728.15027243,1353.46380743,191412.8643954,188343.8240479
2023,November,GOLD ETF,14.0,4891187.0,559.1647784,225.79662685,333.36815155,26995.7321992,26202.4632325
2023,November,Other ETFs,175.0,12719190.0,8467.59949750001,7633.97701040001,833.622487100001,581107.25362685,567925.85219507
2023,November,Fund of funds investing overseas,53.0,1486263.0,282.64745394,568.86195429,-286.21450035,23418.14624931,22939.85478012
2023,November,Sub Total - V (i+ii+iii+iv),435.0,25065762.0,13391.025809700011,11156.78586397001,2234.239945730001,822933.99647076,805411.9942555899
2023,November,Total A-Open ended Schemes,1350.0,161226893.0,899167.0043265499,872379.6903676899,26787.313958859893,4878049.88209366,4847907.102246939
2023,November,Fixed Term Plan,84.0,78979.0,446.62,1675.421837,-1228.801837,15656.98421278,15840.24707858
2023,November,Capital Protection Oriented Schemes,0.0,0.0,0.0,0.0,0.0,0.0,0.0
2023,November,Infrastructure Debt Fund,5.0,41.0,0.0,0.0,0.0,1589.86,1584.85
2023,November,Other Debt Scheme,1.0,219537.0,19.95,72.16,-52.21,5273.52,5232.6
2023,November,Sub Total (i+ii+iii+iv),90.0,298557.0,466.57,1747.5818370000002,-1281.011837,22520.36421278,22657.69707858
2023,November,ELSS,19.0,284776.0,0.0,21.93200271,-21.93200271,3893.78696316,3797.42588223
2023,November,Other Equity Schemes,1.0,1738.0,0.0,0.0,0.0,120.65,116.14
2023,November,Sub Total (i+ii),20.0,286514.0,0.0,21.93200271,-21.93200271,4014.43696316,3913.56588223
2023,November,Total B -Close ended Schemes,110.0,585071.0,466.57,1769.5138397100002,-1302.94383971,26534.801175940003,26571.26296081
2023,November,Total C Interval Schemes,12.0,2619.0,134.1119,2.83500000000004,131.2769,407.7108,334.2242
2023,November,Grand Total,1472.0,161814583.0,899767.6862265499,874152.0392073999,25615.647019149896,4904992.394069599,4874812.5894077495
2024,November,Overnight Fund,34.0,619683.0,419595.14586986,417575.80470576,2019.34116409998,95971.01659657,100879.67095286
2024,November,Liquid Fund,37.0,1853747.0,340932.28041406,342711.25667379,-1778.97625973029,528550.67590489,563062.10561764
2024,November,Ultra Short Duration Fund,25.0,649913.0,28694.62789061,25732.64871332,2961.97917728999,111452.71223936,109703.15399264
2024,November,Low Duration Fund,20.0,831739.0,21306.25744737,16931.8522436,4374.40520377,117894.79053494,113861.26289175
2024,November,Money Market Fund,23.0,434210.0,69371.62508137,66945.51142349,2426.11365787999,254670.71544458,250573.69163325
2024,November,Short Duration Fund,23.0,442798.0,2188.4800674,2642.77929113,-454.299223730002,115276.62759465,115285.51238608
2024,November,Medium Duration Fund,14.0,211952.0,166.78216778,367.853460810001,-201.071293030001,25540.50458033,25533.25910092
2024,November,Medium to Long Duration Fund,13.0,102853.0,60.4787383999999,303.49011678,-243.01137838,11485.51047609,11542.05076862
2024,November,Long Duration Fund,9.0,83279.0,442.55892715,362.95833167,79.6005954800003,19444.25141264,19395.60879387
2024,November,Dynamic Bond Fund,22.0,223453.0,899.889510049999,585.950328819999,313.93918123,35546.87304122,35337.00489907
2024,November,Corporate Bond Fund,21.0,531349.0,5812.53036061,3674.74153219,2137.78882842,171213.40938777,169438.79617535
2024,November,Credit Risk Fund,14.0,186214.0,134.68756609,330.58795924,-195.90039315,21006.37508289,21073.19357506
2024,November,Banking and PSU Fund,22.0,239394.0,1359.21990084,1618.35218072,-259.132279879999,78220.85921697,78241.94392067
2024,November,Gilt Fund,21.0,208762.0,3655.51509149,1852.78579959,1802.7292919,41694.90746261,40367.99963044
2024,November,Gilt Fund with 10 year constant duration,5.0,35969.0,329.45134574,54.92115601,274.53018973,5087.32913359,4876.50103133
2024,November,Floater Fund,12.0,201585.0,1567.05945725,1909.19125071,-342.131793460001,52616.20637436,52742.9599659
2024,November,Sub Total - I (i+ii+iii+iv+v+vi+vii+viii+ix+x+xi+xii+xiii+xiv+xv+xvi),315.0,6856900.0,896516.58983607,883600.6851676302,12915.904668439664,1685672.7644834602,1711914.7153354504
2024,November,Multi Cap Fund,28.0,8577112.0,5445.7302648,1819.26759702,3626.46266778,178512.56302083,173998.37757835
2024,November,Large Cap Fund,32.0,15359112.0,5633.11044237,3085.19238691,2547.91805546,362680.48880868,358340.8566136
2024,November,Large & Mid Cap Fund,31.0,11115277.0,6374.52339795,1694.78041468,4679.74298327,268225.55887815,262320.30599773
2024,November,Mid Cap Fund,29.0,18956532.0,7674.98279015,2791.57954293,4883.40324722001,389881.97198898,381717.51402084
2024,November,Small Cap Fund,29.0,23521214.0,7777.04479634,3665.15262458,4111.89217176,326391.44367179,318281.5262398
2024,November,Dividend Yield Fund,10.0,1157125.0,617.59566103,401.95053908,215.64512195,32047.18514788,31659.25570893
2024,November,Value Fund/Contra Fund,23.0,7890048.0,3243.55485121,1155.54478781,2088.0100634,189470.65445412,186642.71197396
2024,November,Focused Fund,28.0,5147705.0,1927.04587319,1497.01730461,430.028568579999,147479.58274753,145865.55522214
2024,November,Sectoral/Thematic Funds,190.0,28951310.0,13133.52915332,5475.77658798,7657.75256534001,461710.35777992,451487.46253679
2024,November,ELSS,42.0,16771531.0,1898.33660294,1279.81547723,618.52112571,244082.77059182,241125.22838341
2024,November,Flexi Cap Fund,39.0,16707838.0,7971.57800651999,2887.46342781,5084.11457871,435433.06478521,427859.15618524
2024,November,Sub Total - II (i+ii+iii+iv+v+vi+vii+viii+ix+x+xi),481.0,154154804.0,61697.03183981998,25753.54069064,35943.49114918002,3035915.64187491,2979297.9504607897
2024,November,Conservative Hybrid Fund,18.0,546121.0,337.4241789,374.03131124,-36.6071323399997,28641.6260136,28598.52937799
2024,November,Balanced Hybrid Fund/Aggressive Hybrid Fund,31.0,5682969.0,2601.42033083,1687.44999893,913.9703319,222915.28719503,220427.28482793
2024,November,Dynamic Asset Allocation/Balanced Advantage Fund,34.0,5025177.0,4313.37311136,2743.726263,1569.64684836,285761.56296243,283764.92648937
2024,November,Multi Asset Allocation Fund,25.0,2768773.0,3435.22410629,991.356739209999,2443.86736708,101688.46687207,105843.85220152
2024,November,Arbitrage Fund,30.0,564124.0,16510.89745701,17863.77507284,-1352.87761583002,196699.1646796,235229.79719374
2024,November,Equity Savings Fund,22.0,466589.0,2081.46848229,1495.78103619,585.687446099997,41434.64193996,42779.59686261
2024,November,Sub Total - III (i+ii+iii+iv+v+vi),160.0,15053753.0,29279.80766668,25156.12042141,4123.687245269977,877140.74966269,916643.98695316
2024,November,Retirement Fund,29.0,2975429.0,309.56800923,143.55728236,166.01072687,30263.83284529,29875.94903316
2024,November,Childrens Fund,11.0,3032199.0,208.91519395,55.62031082,153.29488313,22448.07958732,22110.09020124
2024,November,Sub Total - IV (i+ii),40.0,6007628.0,518.4832031799999,199.17759318,319.30561,52711.91243261,51986.0392344
2024,November,Index Funds,270.0,12225285.0,8214.45059415999,3871.60782722,4342.84276693999,273175.0674401,269012.48933101
2024,November,GOLD ETF,18.0,6252992.0,1478.32251885,221.60240295,1256.7201159,44244.81504268,43566.49548906
2024,November,Other ETFs,214.0,18347870.0,17302.14535564,15770.91729329,1531.22806234998,785743.37576292,779302.48647357
2024,November,Fund of funds investing overseas,54.0,1379573.0,327.51774981,396.99705201,-69.4793021999994,26732.35648192,26493.56489921
2024,November,Sub Total - V (i+ii+iii+iv),556.0,38205720.0,27322.43621845999,20261.12457547,7061.31164298997,1129895.61472762,1118375.0361928495
2024,November,Total A-Open ended Schemes,1552.0,220278805.0,1015334.34876421,954970.64844833,60363.70031587964,6781336.6831812905,6778217.72817665
2024,November,Fixed Term Plan,79.0,67822.0,0.0,0.0,0.0,15676.98658428,15641.26769959
2024,November,Capital Protection Oriented Schemes,0.0,0.0,0.0,0.0,0.0,0.0,0.0
2024,November,Infrastructure Debt Fund,4.0,30.0,0.0,0.0,0.0,1086.728163,1083.640384
2024,November,Other Debt Scheme,1.0,197210.0,16.71,44.41,-27.7,5447.93,5424.32
2024,November,Sub Total (i+ii+iii+iv),84.0,265062.0,16.71,44.41,-27.7,22211.644747280003,22149.22808359
2024,November,ELSS,18.0,268283.0,0.0,16.20040405,-16.20040405,4452.17417688,4417.47720999
2024,November,Other Equity Schemes,0.0,0.0,0.0,0.0,0.0,0.0,0.0
2024,November,Sub Total (i+ii),18.0,268283.0,0.0,16.20040405,-16.20040405,4452.17417688,4417.47720999
2024,November,Total B -Close ended Schemes,102.0,533345.0,16.71,60.61040405,-43.90040405,26663.818924160005,26566.70529358
2024,November,Total C Interval Schemes,12.0,2237.0,0.0002,24.4998,-24.4996,100.6578,129.0292
2024,November,Grand Total,1666.0,220814387.0,1015351.05896421,955055.75865238,60295.30031182963,6808101.15990545,6804913.462670229
2023,October,Overnight Fund,35.0,810709.0,478285.11617209,481729.91436113,-3444.79818904027,79191.60912775,104291.70283557
2023,October,Liquid Fund,36.0,1788040.0,328615.37146529,295651.57281129,32963.7986539998,413784.73151837,439660.79546223
2023,October,Ultra Short Duration Fund,24.0,642181.0,17055.280581,14696.2360706,2359.0445104,95271.5485055,95811.3346155
2023,October,Low Duration Fund,20.0,912380.0,11112.1034794,12253.65902149,-1141.55554209001,105731.3194437,108904.0589686
2023,October,Money Market Fund,23.0,440649.0,30966.95694431,24718.49832818,6248.45861613,149401.7752115,148161.9781527
2023,October,Short Duration Fund,23.0,483490.0,3173.05776579,1892.49435739,1280.5634084,99908.99350651,99497.463423
2023,October,Medium Duration Fund,15.0,244807.0,125.60982498,518.7527273,-393.14290232,26696.0558719,26801.206801
2023,October,Medium to Long Duration Fund,12.0,104197.0,250.45636434,163.11502252,87.3413418200003,10243.8337501,10213.8938804
2023,October,Long Duration Fund,7.0,47276.0,232.8887489,47.6616874699999,185.22706143,9701.5229665,9582.0148925
2023,October,Dynamic Bond Fund,22.0,225769.0,588.23561772,474.55593269,113.67968503,30588.98252149,30583.53120898
2023,October,Corporate Bond Fund,21.0,598670.0,4509.41141841,2569.68732969,1939.72408872,140177.2015436,139150.1480331
2023,October,Credit Risk Fund,14.0,224249.0,219.24046582,360.83581243,-141.59534661,23909.447979,23882.9826405
2023,October,Banking and PSU Fund,22.0,270881.0,803.41949651,1122.62136783,-319.20187132,79582.6169943,79352.1542128
2023,October,Gilt Fund,21.0,180231.0,2760.21144497,759.60879179,2000.60265318,25959.6435135,25301.9402745
2023,October,Gilt Fund with 10 year constant duration,5.0,40273.0,554.07076233,256.72681769,297.34394464,4310.6978982,4372.6365884
2023,October,Floater Fund,13.0,226798.0,6456.11845436,5857.91189973,598.206554629996,59751.1085618,60823.159742
2023,October,Sub Total - I (i+ii+iii+iv+v+vi+vii+viii+ix+x+xi+xii+xiii+xiv+xv+xvi),313.0,7240600.0,885707.5490062202,843073.8523392199,42633.69666699951,1354211.08891372,1406391.00173178
2023,October,Multi Cap Fund,23.0,5021790.0,3953.03995328,1042.28600959,2910.75394369,94285.3825074,94391.2280631
2023,October,Large Cap Fund,30.0,13120371.0,3948.57130003,3224.75936843,723.811931599997,260808.22826403,266148.5316024
2023,October,Large & Mid Cap Fund,26.0,8414596.0,3844.42101619,2110.33472323,1734.08629296,159851.6283837,162568.8461665
2023,October,Mid Cap Fund,29.0,12244014.0,5205.13102143,2796.21476319,2408.91625824,241298.6758008,244515.6824681
2023,October,Small Cap Fund,25.0,15346265.0,7084.32788862,2589.20223743,4495.12565119,199445.0624015,200288.5613324
2023,October,Dividend Yield Fund,9.0,796208.0,573.9879997,176.7402573,397.2477424,18464.9172591,18613.2338137
2023,October,Value Fund/Contra Fund,23.0,5416399.0,2284.10617241,1869.05098394,415.05518847,114600.815872,116203.2361498
2023,October,Focused Fund,27.0,5147044.0,2291.90815304,1750.45155371,541.45659933,111307.70646671,113117.37810018
2023,October,Sectoral/Thematic Funds,142.0,14631293.0,7600.74685215,3705.02425084,3895.72260131,218454.78205892,220512.12911402
2023,October,ELSS,42.0,15471152.0,1696.90453096,1430.55518789,266.34934307,175139.10151261,178610.20670378
2023,October,Flexi Cap Fund,37.0,13264789.0,5321.40224145,3152.75672041,2168.64552104,285761.70144412,289669.99554596
2023,October,Sub Total - II (i+ii+iii+iv+v+vi+vii+viii+ix+x+xi),413.0,108873921.0,43804.54712925999,23847.37605596,19957.1710733,1879418.0019708893,1904639.02905994
2023,October,Conservative Hybrid Fund,20.0,532260.0,375.63100675,377.3645314,-1.73352465000016,25265.32153398,25365.11937222
2023,October,Balanced Hybrid Fund/Aggressive Hybrid Fund,32.0,5349511.0,2321.32604475,2154.42085139,166.90519336,171657.95947415,174443.26551211
2023,October,Dynamic Asset Allocation/Balanced Advantage Fund,29.0,4365084.0,4015.44847988,3055.01320779,960.435272089999,212166.66400932,214359.09695378
2023,October,Multi Asset Allocation Fund,16.0,1469736.0,2965.7527088,555.70787283,2410.04483597,43829.5764397,45092.1786135
2023,October,Arbitrage Fund,26.0,455636.0,15630.60671443,10107.45614804,5523.15056639,112248.41777357,130545.37202828
2023,October,Equity Savings Fund,22.0,380418.0,1728.63082299,880.56824052,848.062582470001,22650.70677056,22774.01829888
2023,October,Sub Total - III (i+ii+iii+iv+v+vi),145.0,12552645.0,27037.3957776,17130.53085197,9906.864925629998,587818.64600128,612579.05077877
2023,October,Retirement Fund,27.0,2824070.0,385.74828841,126.30379822,259.44449019,21417.46473046,21597.88165466
2023,October,Childrens Fund,10.0,2949631.0,136.7587319,53.55235813,83.20637377,16518.5298374,16701.753998
2023,October,Sub Total - IV (i+ii),37.0,5773701.0,522.5070203099999,179.85615635,342.65086396000004,37935.994567860005,38299.63565266
2023,October,Index Funds,191.0,5691078.0,4224.09446626,2135.48818522,2088.60628104,184238.3380055,184429.8106071
2023,October,GOLD ETF,13.0,4833807.0,1069.510771,228.2813693,841.2294017,26162.7227164,24789.2225756
2023,October,Other ETFs,174.0,12623786.0,14242.2203609,9472.9632531,4769.2571078,552860.5742701,559683.94357866
2023,October,Fund of funds investing overseas,53.0,1448216.0,611.78130478,564.97970302,46.8016017599996,21419.79149188,21852.09145519
2023,October,Sub Total - V (i+ii+iii+iv),431.0,24596887.0,20147.60690294,12401.712510640002,7745.8943923,784681.4264838799,790755.0682165499
2023,October,Total A-Open ended Schemes,1339.0,159037754.0,977219.6058363302,896633.3279141398,80586.27792218952,4644065.15793763,4752663.7854397
2023,October,Fixed Term Plan,84.0,97531.0,0.0,0.0,0.0,16772.92255409,16738.58172291
2023,October,Capital Protection Oriented Schemes,0.0,0.0,0.0,0.0,0.0,0.0,0.0
2023,October,Infrastructure Debt Fund,5.0,41.0,0.0,0.0,0.0,1579.52,1574.33
2023,October,Other Debt Scheme,1.0,221118.0,20.91,53.01,-32.1,5182.13,5242.84
2023,October,Sub Total (i+ii+iii+iv),90.0,318690.0,20.91,53.01,-32.1,23534.57255409,23555.75172291
2023,October,ELSS,19.0,285998.0,0.0,25.21255292,-25.21255292,3699.0801332,3785.29001287
2023,October,Other Equity Schemes,1.0,1738.0,0.0,0.0,0.0,111.14,113.52
2023,October,Sub Total (i+ii),20.0,287736.0,0.0,25.21255292,-25.21255292,3810.2201332,3898.81001287
2023,October,Total B -Close ended Schemes,110.0,606426.0,20.91,78.22255292,-57.31255292,27344.792687290003,27454.56173578
2023,October,Total C Interval Schemes,12.0,2610.0,0.420400000000001,0.891799999999989,-0.471399999999988,277.952,304.0867
2023,October,Grand Total,1461.0,159646790.0,977240.9362363302,896712.4422670598,80528.49396926952,4671687.90262492,4780422.43387548
2024,October,Overnight Fund,35.0,864240.0,501289.558185,475505.96407098,25783.5941140205,93589.84201244,100826.91155111
2024,October,Liquid Fund,36.0,1813501.0,427797.8454245,343934.50388951,83863.3415349904,527290.58301941,547776.54419342
2024,October,Ultra Short Duration Fund,25.0,646163.0,29290.74440602,22236.9551437,7053.78926232002,107899.34589741,105915.16164334
2024,October,Low Duration Fund,20.0,832921.0,15551.30342411,9951.01061499001,5600.29280912,112924.8025071,109430.40418603
2024,October,Money Market Fund,23.0,433304.0,70831.38811154,45527.93704474,25303.4510668,250832.45694946,249760.67433178
2024,October,Short Duration Fund,23.0,441637.0,4874.1111613,3511.68316613,1362.42799517,115047.3601614,114885.25647275
2024,October,Medium Duration Fund,14.0,211734.0,409.42119925,558.881388039999,-149.460188789999,25585.70302346,25564.06204843
2024,October,Medium to Long Duration Fund,13.0,103352.0,275.51640213,176.35625676,99.1601453700001,11667.30407863,11629.28409915
2024,October,Long Duration Fund,9.0,81956.0,1452.22109285,334.75096407,1117.47012878,19341.6478816,18719.04238998
2024,October,Dynamic Bond Fund,22.0,223129.0,1299.47758399,784.93993447,514.53764952,35073.03413392,34856.23701765
2024,October,Corporate Bond Fund,21.0,531745.0,8143.28232454,3498.88133043,4644.40099411,168100.41477176,165931.48812111
2024,October,Credit Risk Fund,14.0,187979.0,41.06118771,398.86641375,-357.80522604,21112.3737664,21193.98049989
2024,October,Banking and PSU Fund,22.0,240644.0,2485.83609209,1549.29718241,936.538909679999,78067.77549096,77260.24435194
2024,October,Gilt Fund,21.0,208193.0,3101.21686896,1725.64427079,1375.57259817,39714.02006681,39358.29868263
2024,October,Gilt Fund with 10 year constant duration,5.0,36136.0,169.8530952,66.9451245599998,102.90797064,4770.65756519,4772.60491803
2024,October,Floater Fund,12.0,202188.0,2041.61582408,1889.53881008,152.077014,52678.42183967,52322.40605298
2024,October,Sub Total - I (i+ii+iii+iv+v+vi+vii+viii+ix+x+xi+xii+xiii+xiv+xv+xvi),315.0,7058822.0,1069054.45238327,911652.15560541,157402.29677786093,1663695.74316562,1680202.6005602204
2024,October,Multi Cap Fund,28.0,8335703.0,6097.33913156,2500.42800343,3596.91112813,174299.91116306,176526.91246418
2024,October,Large Cap Fund,32.0,15150734.0,6855.48528016,3403.14902894,3452.33625122,359461.11682335,367566.00406284
2024,October,Large & Mid Cap Fund,31.0,10899702.0,7177.08113816,2319.94468222,4857.13645594,261979.73915753,266686.84848383
2024,October,Mid Cap Fund,29.0,18350102.0,8946.17397699,4263.27641941,4682.89755758,381708.83396418,389023.01684318
2024,October,Small Cap Fund,28.0,22990319.0,8108.0249592,4336.05225312,3771.97270608,321984.80991219,323194.27651332
2024,October,Dividend Yield Fund,10.0,1136234.0,895.93392056,363.11621838,532.81770218,31921.80424165,32586.95091254
2024,October,Value Fund/Contra Fund,23.0,7737187.0,4111.12779109,1654.50166206,2456.62612903,187735.87836769,190807.57712258
2024,October,Focused Fund,28.0,5125180.0,2340.73477632,1647.57558446,693.159191859999,146863.47052587,149877.50541844
2024,October,Sectoral/Thematic Funds,187.0,28354673.0,19140.96521438,6862.1803465,12278.78486788,452461.52551545,458204.43915851
2024,October,ELSS,42.0,16713074.0,2074.7056883,1691.34630911,383.359379190002,243426.43907621,249428.38087052
2024,October,Flexi Cap Fund,39.0,16404408.0,8979.60465117,3798.91270252,5180.69194865,427421.65483495,434636.34716413
2024,October,Sub Total - II (i+ii+iii+iv+v+vi+vii+viii+ix+x+xi),477.0,151197316.0,74727.17652789001,32840.48321015,41886.69331773999,2989265.18358213,3038538.25901407
2024,October,Conservative Hybrid Fund,19.0,554084.0,792.81190482,482.29885964,310.51304518,28644.00073606,28677.08537189
2024,October,Balanced Hybrid Fund/Aggressive Hybrid Fund,31.0,5641570.0,3433.69894446,2063.10361745,1370.59532701,221370.42876696,224788.09478685
2024,October,Dynamic Asset Allocation/Balanced Advantage Fund,34.0,4981730.0,5638.92268236,3182.742273,2456.18040936,283952.72914723,286563.1303155
2024,October,Multi Asset Allocation Fund,25.0,2697332.0,4885.0680021,1088.37744966,3796.69055244,99116.36716555,104920.48641926
2024,October,Arbitrage Fund,28.0,557388.0,27790.00224008,20608.29811985,7181.70412023,198981.23191829,235528.17331363
2024,October,Equity Savings Fund,22.0,461251.0,3397.23918802,1649.62749246,1747.61169556,40603.44458664,42080.95978123
2024,October,Sub Total - III (i+ii+iii+iv+v+vi),159.0,14893355.0,45937.742961840006,29074.44781206,16863.29514978,872668.20232073,922557.92998836
2024,October,Retirement Fund,29.0,2968142.0,353.03944204,145.29080871,207.74863333,29987.70454129,30383.81044736
2024,October,Childrens Fund,11.0,3024509.0,199.52441508,81.07496682,118.44944826,22220.81063442,22445.065943
2024,October,Sub Total - IV (i+ii),40.0,5992651.0,552.56385712,226.36577553,326.19808159,52208.51517571,52828.876390360005
2024,October,Index Funds,260.0,11903173.0,12030.67570489,4099.66167624,7931.01402865,267824.06492634,268319.70302441
2024,October,GOLD ETF,18.0,5913163.0,2086.47781045,124.90906345,1961.568747,44545.22417835,42195.98666552
2024,October,Other ETFs,214.0,17622661.0,26181.99362271,12740.17593476,13441.81768795,782900.09766731,792561.13327076
2024,October,Fund of funds investing overseas,54.0,1384090.0,520.42091944,426.51080765,93.91011179,25817.39036129,26206.14715927
2024,October,Sub Total - V (i+ii+iii+iv),546.0,36823087.0,40819.56805749,17391.257482099998,23428.31057539,1121086.77713329,1129282.97011996
2024,October,Total A-Open ended Schemes,1537.0,215965231.0,1231091.50378761,991184.70988525,239906.7939023609,6698924.421377481,6823410.63607297
2024,October,Fixed Term Plan,79.0,67829.0,0.0,0.0004350300000623,-0.0004350300000623,15604.39967169,15570.3873931
2024,October,Capital Protection Oriented Schemes,0.0,0.0,0.0,0.0,0.0,0.0,0.0
2024,October,Infrastructure Debt Fund,4.0,30.0,0.0,0.0,0.0,1080.314778,1077.11045
2024,October,Other Debt Scheme,1.0,198486.0,17.84,74.43,-56.59,5419.56,5511.67
2024,October,Sub Total (i+ii+iii+iv),84.0,266345.0,17.84,74.43043503000007,-56.59043503000007,22104.27444969,22159.1678431
2024,October,ELSS,18.0,268974.0,0.0,21.29854914,-21.29854914,4468.70331998,4607.35490354
2024,October,Other Equity Schemes,0.0,0.0,0.0,0.0,0.0,0.0,0.0
2024,October,Sub Total (i+ii),18.0,268974.0,0.0,21.29854914,-21.29854914,4468.70331998,4607.35490354
2024,October,Total B -Close ended Schemes,102.0,535319.0,17.84,95.72898417000007,-77.88898417000007,26572.97776967,26766.52274664
2024,October,Total C Interval Schemes,12.0,2254.0,0.0013,0.220100000000002,-0.218800000000002,117.2099,144.2793
2024,October,Grand Total,1651.0,216502804.0,1231109.34508761,991280.65896942,239828.68611819093,6725614.609047151,6850321.43811961
2025,October,Overnight Fund,37.0,717799.0,540213.20016898,516162.62973972,24050.5704292599,115714.41874918,124242.74008349
2025,October,Liquid Fund,40.0,2278013.0,427684.69385958,338309.57526665,89375.11859293,559686.58269699,560718.30999825
2025,October,Ultra Short Duration Fund,25.0,744239.0,37282.72590895,22216.0890708,15066.63683815,139715.14575925,134716.34386194
2025,October,Low Duration Fund,23.0,850992.0,21152.52799893,13635.9604628,7516.56753612998,150904.84167894,149824.3768388
2025,October,Money Market Fund,25.0,518211.0,84507.06205442,66590.62488337,17916.43717105,344278.88567457,335800.69028261
2025,October,Short Duration Fund,24.0,539194.0,6049.2509701,3279.73606268,2769.51490742,139124.76402025,137918.11517653
2025,October,Medium Duration Fund,13.0,236962.0,684.79692091,295.2787248,389.51819611,26254.4124387,26080.4732134
2025,October,Medium to Long Duration Fund,13.0,103489.0,219.47797973,202.74744324,16.7305364899998,11825.91515568,11845.59817005
2025,October,Long Duration Fund,11.0,89830.0,99.8458432699999,1042.55717648,-942.71133321,19194.20298243,19723.73881446
2025,October,Dynamic Bond Fund,22.0,237849.0,686.53433994,919.22148077,-232.68714083,37333.95936108,37527.7464101
2025,October,Corporate Bond Fund,21.0,573717.0,9118.14657312,3996.2351529,5121.91142022,211442.32500574,208944.82320764
2025,October,Credit Risk Fund,14.0,191121.0,254.11933129,337.90036295,-83.7810316599999,20018.42710518,20050.95903829
2025,October,Banking and PSU Fund,21.0,239409.0,1534.79323874,1322.52045698,212.272781759999,80699.62600705,79815.88695742
2025,October,Gilt Fund,23.0,222590.0,507.683404230002,1438.67098671,-930.987582479998,39325.01749218,39916.6849432
2025,October,Gilt Fund with 10 year constant duration,5.0,38270.0,38.57955166,63.19369291,-24.61414125,4986.56257969,4999.73341286
2025,October,Floater Fund,12.0,198921.0,1266.32282526,1528.86459787,-262.541772609999,50931.09573452,50918.40432293
2025,October,Sub Total - I (i+ii+iii+iv+v+vi+vii+viii+ix+x+xi+xii+xiii+xiv+xv+xvi),329.0,7780606.0,1131299.76096911,971341.8055616302,159957.95540747984,1951436.1824414304,1943044.6247319705
2025,October,Multi Cap Fund,32.0,10912552.0,4903.94117614,2403.50842212,2500.43275402,220254.62921996,217508.31871895
2025,October,Large Cap Fund,33.0,16696893.0,5293.26800171,4321.29601526,971.97198645,410156.51085413,407307.68494173
2025,October,Large & Mid Cap Fund,33.0,12989734.0,6037.21915241,2860.15063497,3177.06851744,322158.20918876,317917.72289514
2025,October,Mid Cap Fund,31.0,23535313.0,8169.02743156,4361.91558898,3807.11184257999,454606.48502828,449162.62106016
2025,October,Small Cap Fund,31.0,27017320.0,7660.98784423,4184.9446509,3476.04319333,372362.30735458,366798.06176138
2025,October,Dividend Yield Fund,10.0,1194639.0,295.59052543,474.54709956,-178.95657413,33210.96177919,32993.51305214
2025,October,Value Fund/Contra Fund,25.0,8788244.0,2590.67191402,2222.28211492,368.389799099999,213021.3496557,210507.56854408
2025,October,Focused Fund,28.0,5359834.0,2538.69326611,1599.63494681,939.0583193,170127.72426614,168387.19951814
2025,October,Sectoral/Thematic Funds,231.0,31811396.0,11776.9534215,10410.791826,1366.1615955,533830.68176431,527588.94075028
2025,October,ELSS,42.0,16644818.0,1376.30365988,2041.96044137,-665.656781489999,253264.08520251,251624.33816865
2025,October,Flexi Cap Fund,43.0,21182395.0,12968.50083385,4039.79578586,8928.70504799,533756.16522279,527143.34334101
2025,October,Sub Total - II (i+ii+iii+iv+v+vi+vii+viii+ix+x+xi),539.0,176133138.0,63611.15722684,38920.82752675,24690.329700089995,3516749.1095363502,3476939.31275166
2025,October,Conservative Hybrid Fund,18.0,573771.0,479.6423888,477.80317936,1.83920943999965,29877.7012392,29834.40377778
2025,October,Balanced Hybrid Fund/Aggressive Hybrid Fund,31.0,6044444.0,3282.78819634,2143.61165575,1139.17654059,250052.41125162,249009.90008138
2025,October,Dynamic Asset Allocation/Balanced Advantage Fund,35.0,5530506.0,4233.78009903,3694.12805334,539.652045690003,318121.65810513,316548.76880734
2025,October,Multi Asset Allocation Fund,31.0,3861455.0,6706.84553626,1362.66001393,5344.18552233,151071.71016208,157277.39439451
2025,October,Arbitrage Fund,34.0,705317.0,29165.92240207,22246.15520465,6919.76719741999,271401.97071651,316817.81664431
2025,October,Equity Savings Fund,25.0,517166.0,2043.11377259,1831.33465741,211.779115180001,49251.12080688,52601.99548891
2025,October,Sub Total - III (i+ii+iii+iv+v+vi),174.0,17232659.0,45912.09239509,31755.69276444,14156.399630649994,1069776.5722814202,1122090.27919423
2025,October,Retirement Fund,29.0,3032112.0,274.53561349,170.50776878,104.02784471,32512.29817342,32307.95825214
2025,October,Childrens Fund,12.0,3155666.0,236.96109271,79.97061617,156.99047654,25213.26683201,24944.0795322
2025,October,Sub Total - IV (i+ii),41.0,6187778.0,511.4967062,250.47838495,261.01832125,57725.56500543,57252.037784340006
2025,October,Index Funds,345.0,14179440.0,9475.09019477,7545.6673567,1929.42283807001,320075.91746133,316924.74489379
2025,October,GOLD ETF,22.0,9575399.0,9898.6344012,2155.444523,7743.1898782,102119.86345666,102088.98556689
2025,October,Other ETFs,268.0,22859737.0,22739.32323338,16557.62460047,6181.69863291002,908398.92463526,900452.505276
2025,October,Fund of funds investing overseas,52.0,1558989.0,1333.69076197,519.58062022,814.110141749999,36090.86421521,35039.36636958
2025,October,Sub Total - V (i+ii+iii+iv),687.0,48173565.0,43446.738591320005,26778.31710039,16668.421490930028,1366685.56976846,1354505.60210626
2025,October,Total A-Open ended Schemes,1770.0,255507746.0,1284781.2458885603,1069047.1213381602,215734.1245503999,7962372.99903309,7953831.85656846
2025,October,Fixed Term Plan,72.0,59390.0,0.0,0.0,0.0,14980.59095192,14945.8370923
2025,October,Capital Protection Oriented Schemes,0.0,0.0,0.0,0.0,0.0,0.0,0.0
2025,October,Infrastructure Debt Fund,3.0,19.0,0.0,0.0,0.0,893.5266853,890.965743
2025,October,Other Debt Scheme,1.0,181974.0,14.53,73.26,-58.73,5307.27,5349.38
2025,October,Sub Total (i+ii+iii+iv),76.0,241383.0,14.53,73.26,-58.73,21181.38763722,21186.1828353
2025,October,ELSS,15.0,253748.0,0.0,18.71692779,-18.71692779,4346.99072433,4332.37772443
2025,October,Other Equity Schemes,0.0,0.0,0.0,0.0,0.0,0.0,0.0
2025,October,Sub Total (i+ii),15.0,253748.0,0.0,18.71692779,-18.71692779,4346.99072433,4332.37772443
2025,October,Total B -Close ended Schemes,91.0,495131.0,14.53,91.97692779,-77.44692778999999,25528.37836155,25518.56055973
2025,October,Total C Interval Schemes,4.0,938.0,0.0,0.0,0.0,38.5598,47.1089
2025,October,Grand Total,1865.0,256003815.0,1284795.7758885603,1069139.0982659503,215656.67762260983,7987939.93719464,7979397.526028191
2023,September,Overnight Fund,34.0,787375.0,420060.52477309,421334.94336244,-1274.41858934984,82048.34112763,103928.87578101
2023,September,Liquid Fund,36.0,1797810.0,299742.93645702,373919.48948327,-74176.5530262499,378356.39265325,449135.33120773
2023,September,Ultra Short Duration Fund,24.0,644072.0,16936.92837735,22104.89673953,-5167.96836217999,92386.34833112,96954.38241604
2023,September,Low Duration Fund,20.0,916847.0,13449.95757945,14412.50118725,-962.543607800006,106354.11010699,106626.17717948
2023,September,Money Market Fund,23.0,439558.0,26293.30310698,35451.24087385,-9157.93776687002,142307.37876058,147645.02773086
2023,September,Short Duration Fund,23.0,489352.0,5369.20081092,6929.31796969,-1560.11715877,98287.49682874,98945.47944378
2023,September,Medium Duration Fund,15.0,247469.0,137.08788059,556.01044007,-418.92255948,27027.15304401,27184.02470318
2023,September,Medium to Long Duration Fund,12.0,105080.0,76.2353839899999,94.06059038,-17.8252063900001,10164.55489783,10174.58981111
2023,September,Long Duration Fund,7.0,47417.0,81.5575016,59.4724429,22.0850587,9570.0862303,9606.0682585
2023,September,Dynamic Bond Fund,22.0,227917.0,348.69202906,685.35388791,-336.66185885,30470.28681451,30581.82830393
2023,September,Corporate Bond Fund,21.0,604977.0,3625.72698728,6085.22383235,-2459.49684507,137775.07344594,139163.6259076
2023,September,Credit Risk Fund,14.0,227228.0,86.7435010500001,401.67299055,-314.9294895,23929.925523,24032.08566728
2023,September,Banking and PSU Fund,22.0,274697.0,864.04703865,1921.29531416,-1057.24827551,79633.74595799,80129.14508237
2023,September,Gilt Fund,21.0,180961.0,587.89755096,310.3025958,277.59495516,23958.69678969,23880.1325517
2023,September,Gilt Fund with 10 year constant duration,5.0,40773.0,54.55167841,58.1778069999999,-3.62612858999989,4025.86187568,4019.52826008
2023,September,Floater Fund,13.0,228427.0,4614.48793372,9517.73835361,-4903.25041989,58909.81403286,62762.19065036
2023,September,Sub Total - I (i+ii+iii+iv+v+vi+vii+viii+ix+x+xi+xii+xiii+xiv+xv+xvi),312.0,7259960.0,792329.8785901199,893841.6978707599,-101511.81928063971,1305205.26642012,1414768.4929550097
2023,September,Multi Cap Fund,22.0,4831118.0,3516.39373754,1281.8713105,2234.52242704,93756.74392962,92878.74173824
2023,September,Large Cap Fund,30.0,13047923.0,3631.43366961,3742.03864881,-110.604979199996,267581.89477114,268968.2557444
2023,September,Large & Mid Cap Fund,26.0,8299513.0,3760.19912182,2426.01180277,1334.18731905,163175.58369706,163273.17152463
2023,September,Mid Cap Fund,29.0,11956147.0,5234.55978018,3233.67806005,2000.88172013,245496.15241981,244793.74959203
2023,September,Small Cap Fund,24.0,14684798.0,6874.35024761,4195.8807189,2678.46952871,198483.22050056,198073.90925488
2023,September,Dividend Yield Fund,9.0,785733.0,428.0142439,173.39203287,254.62221103,18581.4366395,18466.0233311
2023,September,Value Fund/Contra Fund,23.0,5308373.0,2539.94836211,1248.92428669,1291.02407542,117251.11549979,116627.69392307
2023,September,Focused Fund,27.0,5159456.0,2110.9319524,2061.98898279,48.9429696099987,113547.57440662,114010.50081356
2023,September,Sectoral/Thematic Funds,140.0,14315827.0,7167.1439228,4020.29093761,3146.85298519,220141.60621553,219524.05327246
2023,September,ELSS,42.0,15423310.0,1587.50349222,1728.64902674,-141.14553452,179802.65130721,180590.33219213
2023,September,Flexi Cap Fund,37.0,13161385.0,5304.88381815,3951.37160368,1353.51221447,290269.64834617,291155.59207798
2023,September,Sub Total - II (i+ii+iii+iv+v+vi+vii+viii+ix+x+xi),409.0,106973583.0,42155.36234834,28064.09741141,14091.264936930003,1908087.6277330103,1908362.02346448
2023,September,Conservative Hybrid Fund,20.0,531595.0,502.83385681,420.562098,82.2717588100004,25401.244071,25373.14027483
2023,September,Balanced Hybrid Fund/Aggressive Hybrid Fund,31.0,5330143.0,2604.51568488,2250.4840547,354.031630180001,175013.99220036,175519.490738
2023,September,Dynamic Asset Allocation/Balanced Advantage Fund,29.0,4341033.0,4220.56335548,3726.95548901,493.607866469996,214075.74250482,214199.56180559
2023,September,Multi Asset Allocation Fund,16.0,1415518.0,6775.2132708,451.02548858,6324.18778222,42018.026096,39780.8212097
2023,September,Arbitrage Fund,27.0,451213.0,20691.08508183,10515.5301706,10175.55491123,109361.28015645,120238.45395606
2023,September,Equity Savings Fund,22.0,375920.0,2014.50081388,793.70473916,1220.79607472,21912.39995162,21727.88181319
2023,September,Sub Total - III (i+ii+iii+iv+v+vi),145.0,12445422.0,36808.71206368,18158.26204005,18650.45002363,587782.68498025,596839.3497973699
2023,September,Retirement Fund,26.0,2799015.0,231.76941316,130.81785223,100.95156093,21596.70555847,21647.05258373
2023,September,Childrens Fund,10.0,2944907.0,124.3145829,57.46066429,66.8539186100001,16729.6282484,16768.1663306
2023,September,Sub Total - IV (i+ii),36.0,5743922.0,356.08399606,188.27851652,167.80547954000008,38326.33380687,38415.218914330006
2023,September,Index Funds,189.0,5388470.0,3908.52715581,2226.1647597,1682.36239611,184028.12084196,183557.65494284
2023,September,GOLD ETF,13.0,4806140.0,305.1386232,129.8478103,175.2908129,23798.8296168,24010.5679647
2023,September,Other ETFs,172.0,12462054.0,12251.0854249,9009.1665961,3241.91882879999,560724.12259285,561752.52271015
2023,September,Fund of funds investing overseas,51.0,1404536.0,265.38592125,645.26258969,-379.87666844,22016.7421461,22826.61724804
2023,September,Sub Total - V (i+ii+iii+iv),425.0,24061200.0,16730.13712516,12010.44175579,4719.695369369991,790567.8151977101,792147.3628657301
2023,September,Total A-Open ended Schemes,1327.0,156484087.0,888380.1741233598,952262.77759453,-63882.60347116974,4629969.728137961,4750532.44799692
2023,September,Fixed Term Plan,84.0,97531.0,0.0,1371.115041,-1371.115041,16723.47031061,17168.28825889
2023,September,Capital Protection Oriented Schemes,0.0,0.0,0.0,0.0,0.0,0.0,0.0
2023,September,Infrastructure Debt Fund,7.0,52.0,0.0,639.1421709,-639.1421709,1568.778895,1563.428807
2023,September,Other Debt Scheme,1.0,222870.0,20.63,53.29,-32.66,5286.82,5319.69
2023,September,Sub Total (i+ii+iii+iv),92.0,320453.0,20.63,2063.5472119,-2042.9172119,23579.06920561,24051.40706589
2023,September,ELSS,19.0,287282.0,0.0,27.70811688,-27.70811688,3815.24374979,3849.42048192
2023,September,Other Equity Schemes,1.0,1738.0,0.0,206.02,-206.02,114.37,273.0
2023,September,Sub Total (i+ii),20.0,289020.0,0.0,233.72811688,-233.72811688,3929.61374979,4122.42048192
2023,September,Total B -Close ended Schemes,112.0,609473.0,20.63,2297.27532878,-2276.6453287800005,27508.6829554,28173.82754781
2023,September,Total C Interval Schemes,12.0,2627.0,0.0153999999999996,32.3562999999999,-32.3408999999999,276.8074,308.9635
2023,September,Grand Total,1451.0,157096187.0,888400.8195233599,954592.4092233098,-66191.58969994973,4657755.218493361,4779015.23904473
2024,September,Overnight Fund,35.0,859383.0,525369.59534603,544732.24463718,-19362.6492911503,67274.5873394,101290.9650102
2024,September,Liquid Fund,36.0,1800818.0,370028.06338008,442694.02930183,-72665.9659217503,440332.54463758,512029.34158039
2024,September,Ultra Short Duration Fund,25.0,639768.0,26048.00966897,32329.54991444,-6281.54024547002,100179.46757403,103972.5677587
2024,September,Low Duration Fund,20.0,836038.0,21145.0665121,20466.0548988,679.011613299997,106572.0035294,104721.2524676
2024,September,Money Market Fund,23.0,431111.0,66591.20620118,90012.0439312,-23420.83773002,223990.0419462,235868.00362836
2024,September,Short Duration Fund,23.0,439391.0,6613.72791962,5178.67675846,1435.05116116,113068.1820411,111779.96258776
2024,September,Medium Duration Fund,14.0,212263.0,934.67124118,629.26713836,305.40410282,25602.01674867,25099.37935636
2024,September,Medium to Long Duration Fund,13.0,102847.0,347.6681167,185.88471607,161.78340063,11554.71445358,11423.92936832
2024,September,Long Duration Fund,9.0,77892.0,1807.25533841,317.61079402,1489.64454439,18276.31387595,17332.75976826
2024,September,Dynamic Bond Fund,22.0,220354.0,1224.55833842,1108.07197047,116.48636795,34512.11691582,34282.29215897
2024,September,Corporate Bond Fund,21.0,531965.0,8766.16117793,3727.08639476,5039.07478317001,162570.27076407,158879.90160095
2024,September,Credit Risk Fund,14.0,190077.0,46.57395401,530.17599047,-483.60203646,21304.86890161,21456.85414209
2024,September,Banking and PSU Fund,22.0,241073.0,1170.28591771,3148.23513092,-1977.94921321,76726.42628635,77692.8963216
2024,September,Gilt Fund,21.0,202816.0,3474.99902949,1157.93674354,2317.06228595,38409.40067902,36959.38989941
2024,September,Gilt Fund with 10 year constant duration,5.0,36148.0,113.10048053,82.0068776400001,31.0936028899999,4672.99259211,4620.97426675
2024,September,Floater Fund,12.0,202562.0,1940.07393345,3156.090781,-1216.01684755,52141.37961845,52578.98170867
2024,September,Sub Total - I (i+ii+iii+iv+v+vi+vii+viii+ix+x+xi+xii+xiii+xiv+xv+xvi),315.0,7024506.0,1035621.01655581,1149454.96597916,-113833.94942335064,1497187.32790334,1609989.4516243902
2024,September,Multi Cap Fund,27.0,7988882.0,5574.80388059,2065.92660572,3508.87727487,180180.66958404,177151.98169488
2024,September,Large Cap Fund,32.0,14891416.0,5865.86261137,4096.43820432,1769.42440705,379010.08129766,374132.39929672
2024,September,Large & Mid Cap Fund,30.0,10606224.0,6402.12404262,2804.03501474,3598.08902788,272809.07191053,268846.84310059
2024,September,Mid Cap Fund,29.0,17511890.0,7671.5683411,4541.14397866,3130.42436244,397009.72456987,392161.697621
2024,September,Small Cap Fund,28.0,22338121.0,7563.54739663001,4492.70708463,3070.84031200001,328837.50007938,326139.20559322
2024,September,Dividend Yield Fund,10.0,1103567.0,1924.22862162,394.59818591,1529.63043571,33439.37094765,32546.71747015
2024,September,Value Fund/Contra Fund,23.0,7522759.0,3739.76380107,1775.40976024,1964.35404083,195613.58008944,192962.85324702
2024,September,Focused Fund,28.0,5096721.0,1891.25432103,2164.0379353,-272.783614269998,154190.98316015,152809.52089478
2024,September,Sectoral/Thematic Funds,183.0,27528614.0,21917.05402713,8662.42371889,13254.63030824,467187.91851003,455846.02620508
2024,September,ELSS,42.0,16625720.0,1911.15727247,2259.95923275,-348.801960280001,257824.2901283,255423.68641637
2024,September,Flexi Cap Fund,39.0,16036032.0,7705.85837358,4491.28762859,3214.57074499,444375.4320289,437876.53121486
2024,September,Sub Total - II (i+ii+iii+iv+v+vi+vii+viii+ix+x+xi),471.0,147249946.0,72167.22268921002,37747.96734975,34419.25533946001,3110478.62230595,3065897.4627546696
2024,September,Conservative Hybrid Fund,19.0,551053.0,461.74694784,588.21790321,-126.47095537,28574.79267485,28493.56503495
2024,September,Balanced Hybrid Fund/Aggressive Hybrid Fund,31.0,5595878.0,2893.13555606,2376.95023125,516.185324809998,229296.60157508,227583.85803427
2024,September,Dynamic Asset Allocation/Balanced Advantage Fund,34.0,4921853.0,5327.60489071,3624.04995154,1703.55493917,289102.26051871,287799.60985915
2024,September,Multi Asset Allocation Fund,25.0,2596723.0,5176.4944602,1106.12234013,4070.37212007,98515.76146328,101698.22909419
2024,September,Arbitrage Fund,28.0,551949.0,19097.63075316,22629.55771884,-3531.92696567997,189863.1469066,228816.0337899
2024,September,Equity Savings Fund,22.0,450253.0,3687.73472647,1418.39862454,2269.33610193,39546.39759171,39969.19205183
2024,September,Sub Total - III (i+ii+iii+iv+v+vi),159.0,14667709.0,36644.34733444,31743.29676951,4901.0505649300285,874898.96073023,914360.48786429
2024,September,Retirement Fund,29.0,2957658.0,322.54969245,186.33550628,136.21418617,31047.15855937,30768.87047477
2024,September,Childrens Fund,11.0,3016144.0,179.77231548,83.47084566,96.3014698200001,22891.57285756,22658.73175656
2024,September,Sub Total - IV (i+ii),40.0,5973802.0,502.32200793,269.80635194,232.51565599000008,53938.73141693,53427.60223133
2024,September,Index Funds,243.0,11233678.0,11627.51272904,9667.22565181,1960.28707723,269691.22570175,265888.39933436
2024,September,GOLD ETF,17.0,5710499.0,1442.0068877,209.0178332,1232.9890545,39823.49973697,38166.12780325
2024,September,Other ETFs,209.0,16728549.0,16119.77397064,15738.73302406,381.040946580004,810272.77839209,800607.03225361
2024,September,Fund of funds investing overseas,55.0,1387107.0,297.3341778,617.56043604,-320.22625824,25866.41271007,25107.34305832
2024,September,Sub Total - V (i+ii+iii+iv),524.0,35059833.0,29486.62776518,26232.53694511,3254.090820070004,1145653.91654088,1129768.90244954
2024,September,Total A-Open ended Schemes,1509.0,209975796.0,1174421.5363525702,1245448.57339547,-71027.03704290057,6682157.55889733,6773443.906924221
2024,September,Fixed Term Plan,79.0,67821.0,0.0,0.529099999999971,-0.529099999999971,15518.76602494,15463.11790276
2024,September,Capital Protection Oriented Schemes,0.0,0.0,0.0,0.0,0.0,0.0,0.0
2024,September,Infrastructure Debt Fund,4.0,30.0,0.0,0.0,0.0,1073.72319,1070.239994
2024,September,Other Debt Scheme,1.0,199861.0,17.45,66.09,-48.64,5611.17,5592.48
2024,September,Sub Total (i+ii+iii+iv),84.0,267712.0,17.45,66.61909999999997,-49.16909999999997,22203.65921494,22125.83789676
2024,September,ELSS,18.0,269909.0,0.0,26.42597264,-26.42597264,4781.21913651,4770.01980268
2024,September,Other Equity Schemes,0.0,0.0,0.0,0.0,0.0,0.0,0.0
2024,September,Sub Total (i+ii),18.0,269909.0,0.0,26.42597264,-26.42597264,4781.21913651,4770.01980268
2024,September,Total B -Close ended Schemes,102.0,537621.0,17.45,93.04507263999996,-75.59507263999997,26984.878351450003,26895.85769944
2024,September,Total C Interval Schemes,12.0,2267.0,9.99999999999994e-05,11.4505,-11.4504,116.8015,145.989
2024,September,Grand Total,1623.0,210515684.0,1174438.9864525702,1245553.06896811,-71114.08251554058,6709259.23874878,6800485.753623661
2025,September,Overnight Fund,37.0,714717.0,622708.80279545,618429.80339505,4278.99940039963,91096.03376336,117432.17587027
2025,September,Liquid Fund,39.0,2175269.0,412040.99868299,478083.32351039,-66042.3248274,467363.8116571,545880.11724302
2025,September,Ultra Short Duration Fund,25.0,735253.0,22792.09711356,36397.75862624,-13605.66151268,123935.95614186,133900.20358605
2025,September,Low Duration Fund,23.0,851734.0,26196.10948618,27449.33213504,-1253.22264886,142510.48501196,141908.54294299
2025,September,Money Market Fund,25.0,515392.0,99827.92961596,117727.82534611,-17899.89573015,324657.10299331,329551.50459549
2025,September,Short Duration Fund,24.0,525052.0,4069.72252902,6242.95666087,-2173.23413185,135290.95383791,136485.12496971
2025,September,Medium Duration Fund,13.0,234720.0,794.73203132,951.57533255,-156.84330123,25661.93072557,25664.17109362
2025,September,Medium to Long Duration Fund,13.0,103999.0,249.43866316,146.0476088,103.39105436,11734.90085074,11591.96167597
2025,September,Long Duration Fund,11.0,91968.0,767.119690500001,705.82627879,61.2934117100003,20069.37036197,20076.98018637
2025,September,Dynamic Bond Fund,22.0,239543.0,1364.27190786,844.85944598,519.41246188,37322.66733367,36649.0872591
2025,September,Corporate Bond Fund,21.0,567992.0,5884.58041703,7328.18798428,-1443.60756725,204656.55086479,204969.01838108
2025,September,Credit Risk Fund,14.0,188983.0,95.33744053,350.9937802,-255.65633967,19949.78024023,20018.72699925
2025,September,Banking and PSU Fund,22.0,239947.0,742.078487039999,2709.38802295,-1967.30953591,79724.0980694,80533.19329221
2025,September,Gilt Fund,23.0,225769.0,2178.0677479,2793.05710308,-614.989355180001,40055.16841898,40635.104293
2025,September,Gilt Fund with 10 year constant duration,5.0,38766.0,124.37166674,125.89467361,-1.52300687000013,4977.93832586,5007.89808253
2025,September,Floater Fund,12.0,199240.0,984.69171366,2510.77598842,-1526.08427476,50821.35458711,51615.00512882
2025,September,Sub Total - I (i+ii+iii+iv+v+vi+vii+viii+ix+x+xi+xii+xiii+xiv+xv+xvi),329.0,7648344.0,1200820.3499888997,1302797.60589236,-101977.25590346036,1779828.1031838204,1901918.81559948
2025,September,Multi Cap Fund,32.0,10786468.0,5783.80144413,2224.23574369,3559.56570044,210368.98546469,212137.46837497
2025,September,Large Cap Fund,33.0,16625122.0,5576.81873951,3257.77714462,2319.04159489,395093.32180022,399779.69459429
2025,September,Large & Mid Cap Fund,33.0,12853471.0,6769.39971983,2964.23461781,3805.16510202,306903.34852113,309862.40085752
2025,September,Mid Cap Fund,31.0,23343247.0,8793.49818869,3708.10234892,5085.39583977,433540.2453328,439969.23713339
2025,September,Small Cap Fund,31.0,26894961.0,8065.52090083,3702.60708264,4362.91381819,356740.74637455,362741.69336218
2025,September,Dividend Yield Fund,10.0,1201716.0,437.84596012,605.62971496,-167.78375484,32240.97963037,32554.17204279
2025,September,Value Fund/Contra Fund,25.0,8785142.0,4033.78578024,1925.85475296,2107.93102728,204298.57642296,205770.81304821
2025,September,Focused Fund,28.0,5346169.0,2866.80324882,1459.57573342,1407.2275154,162968.7516274,164734.31961488
2025,September,Sectoral/Thematic Funds,227.0,31889078.0,11167.47547991,9946.58452715,1220.89095276,513469.4360357,520090.14626114
2025,September,ELSS,42.0,16690290.0,1554.06147555,1861.98514569,-307.92367014,244774.58314408,248332.09422744
2025,September,Flexi Cap Fund,41.0,20206005.0,11354.99941807,4325.73725681,7029.26216126,507916.03085569,512367.91943335
2025,September,Sub Total - II (i+ii+iii+iv+v+vi+vii+viii+ix+x+xi),533.0,174621669.0,66404.0103557,35982.32406867,30421.686287030003,3368315.0052095903,3408339.958950161
2025,September,Conservative Hybrid Fund,18.0,572447.0,400.75326372,446.74661541,-45.9933516899996,29492.1140183,29523.28089088
2025,September,Balanced Hybrid Fund/Aggressive Hybrid Fund,31.0,6011535.0,4032.03076061,2018.29650438,2013.73425623,241559.83442069,243393.86207904
2025,September,Dynamic Asset Allocation/Balanced Advantage Fund,35.0,5509198.0,5003.98117913,3315.42555612,1688.55562301,309385.03705352,311226.52892934
2025,September,Multi Asset Allocation Fund,31.0,3704172.0,6608.03781985,1625.82584177,4982.21197808,140416.71757963,147700.94282839
2025,September,Arbitrage Fund,33.0,693596.0,29529.79592314,30518.04605009,-988.250126949992,263757.18100653,310801.91222257
2025,September,Equity Savings Fund,25.0,515464.0,3261.02139915,1514.0551598,1746.96623935,48300.27868797,51243.41134466
2025,September,Sub Total - III (i+ii+iii+iv+v+vi),173.0,17006412.0,48835.6203456,39438.39572757,9397.22461803001,1032911.16276664,1093889.93829488
2025,September,Retirement Fund,29.0,3027172.0,291.37090552,194.55247765,96.8184278700003,31454.41516288,31800.74340252
2025,September,Childrens Fund,12.0,3144415.0,255.41370773,66.05160565,189.36210208,24327.78924193,24510.65592534
2025,September,Sub Total - IV (i+ii),41.0,6171587.0,546.78461325,260.6040833,286.1805299500003,55782.20440481,56311.39932786
2025,September,Index Funds,344.0,14089501.0,9066.0965336,7485.4446908,1580.6518428,308893.41279822,310802.27239178
2025,September,GOLD ETF,22.0,8663662.0,8460.84615366,97.71593196,8363.1302217,90135.98388837,81700.39073638
2025,September,Other ETFs,260.0,21740194.0,20731.1746059,12580.38110474,8150.79350116,865687.55522619,866031.76950049
2025,September,Fund of funds investing overseas,52.0,1483745.0,1375.02808962,413.09120795,961.93688167,34424.15377894,33100.71017679
2025,September,Sub Total - V (i+ii+iii+iv),678.0,45977102.0,39633.14538278,20576.63293545,19056.51244733,1299141.10569172,1291635.14280544
2025,September,Total A-Open ended Schemes,1754.0,251425114.0,1356239.9106862298,1399055.56270735,-42815.65202112034,7535977.581256581,7752095.25497782
2025,September,Fixed Term Plan,72.0,59389.0,0.0,268.76725788,-268.76725788,14896.98330538,15113.74046619
2025,September,Capital Protection Oriented Schemes,0.0,0.0,0.0,0.0,0.0,0.0,0.0
2025,September,Infrastructure Debt Fund,3.0,19.0,0.0,0.0,0.0,887.2039213,884.7020361
2025,September,Other Debt Scheme,1.0,183213.0,15.3,57.76,-42.46,5278.36,5363.34
2025,September,Sub Total (i+ii+iii+iv),76.0,242621.0,15.3,326.52725788,-311.22725788,21062.54722668,21361.78250229
2025,September,ELSS,15.0,254488.0,0.0,16.9167851,-16.9167851,4230.78224108,4297.06785736
2025,September,Other Equity Schemes,0.0,0.0,0.0,0.0,0.0,0.0,0.0
2025,September,Sub Total (i+ii),15.0,254488.0,0.0,16.9167851,-16.9167851,4230.78224108,4297.06785736
2025,September,Total B -Close ended Schemes,91.0,497109.0,15.3,343.44404297999995,-328.14404298,25293.32946776,25658.85035965
2025,September,Total C Interval Schemes,4.0,939.0,0.0,2.52,-2.52,38.3777,47.5938
2025,September,Grand Total,1849.0,251923162.0,1356255.21068623,1399401.52675033,-43146.316064100334,7561309.288424341,7777801.699137471
